Date,AAPL,BTC-USD,SOL-USD,TSLA
2021-01-01,0.05515111458715699,0.12468992205648133,0.0001646054185810283,0.3540171495309145
2021-01-02,0.05515111458715699,0.1499559156498193,0.0,0.3540171495309145
2021-01-03,0.05515111458715699,0.15596476596658587,0.0013937643003071641,0.3540171495309145
2021-01-04,0.05515111458715699,0.14853019947147889,0.002637061697845067,0.3540171495309145
2021-01-05,0.06200419852036915,0.16707295213184054,0.0013763268738681547,0.3586795172542558
2021-01-06,0.04311526643336322,0.19306228056352503,0.0004996412600853095,0.37690117612136637
2021-01-07,0.0616188152147808,0.2164337660230743,0.002205056127146076,0.4293397636230643
2021-01-08,0.06645877713087195,0.22952570537626527,0.005462411573112026,0.485200887302286
2021-01-09,0.06645877713087195,0.22454189159525695,0.006098758002777535,0.485200887302286
2021-01-10,0.06645877713087195,0.20712252606557385,0.006409170045630232,0.485200887302286
2021-01-11,0.053309360061410904,0.18152000387379819,0.005032539270449605,0.4251052079259771
2021-01-12,0.05253849246762293,0.16643542088341257,0.006975505496918124,0.45850140412791046
2021-01-13,0.06149046631581939,0.19757744578342795,0.006592470666218027,0.46284075458703394
2021-01-14,0.053009744653686075,0.2147477711881206,0.005686492724571639,0.4546247972823864
2021-01-15,0.0454282058234316,0.19307149365005488,0.00557881815186038,0.4381755367818923
2021-01-16,0.0454282058234316,0.18713174148226175,0.006335898201586061,0.4381755367818923
2021-01-17,0.0454282058234316,0.18358140509840198,0.0077627574923333385,0.4381755367818923
2021-01-18,0.0454282058234316,0.19127924360702986,0.007675765627044953,0.4381755367818923
2021-01-19,0.04838376489093793,0.186137516805929,0.0070849677244086305,0.4542319168434778
2021-01-20,0.06637314387649024,0.18134649671891784,0.007399159511186886,0.4593832468546733
2021-01-21,0.08710386415011268,0.13801111311534575,0.004580531217889895,0.45461608436929574
2021-01-22,0.09652688821914984,0.1580180654108172,0.005948210884729716,0.45605667262362143
2021-01-23,0.09652688821914984,0.14940872283740336,0.006555288363555719,0.45605667262362143
2021-01-24,0.09652688821914984,0.15144364988145365,0.0070563029092099066,0.45605667262362143
2021-01-25,0.1130174159660578,0.152150422673198,0.007308426405306648,0.48588193335304924
2021-01-26,0.11404521698386144,0.15401759626037592,0.008644098800883574,0.4878813470699202
2021-01-27,0.10933370494934297,0.13440306050847828,0.007272305694559402,0.4713535104816445
2021-01-28,0.08804630120049811,0.16224267784346702,0.0077778801350197315,0.44626919356333944
2021-01-29,0.06607329284267233,0.17004598289128037,0.007826343914458151,0.4096862294147186
2021-01-30,0.06607329284267233,0.16961590740840865,0.009324399536213595,0.4096862294147186
2021-01-31,0.06607329284267233,0.15901469194239315,0.009477695975637291,0.4096862294147186
2021-02-01,0.07541075097906852,0.16289497870921127,0.010813710317487374,0.45009344299533643
2021-02-02,0.07905157804685153,0.18100270878187197,0.01333574284751015,0.47888834180054624
2021-02-03,0.0745540818265466,0.19900662135029018,0.015060206322176348,0.4630851957634699
2021-02-04,0.08933113662492892,0.19399563434130684,0.01779052355263247,0.4589815735676915
2021-02-05,0.08750799656053226,0.20517573276951395,0.018773544831534223,0.4609373427841263
2021-02-06,0.08750799656053226,0.2154698692502599,0.016578321264047027,0.4609373427841263
2021-02-07,0.08750799656053226,0.212142475220987,0.018845613904773073,0.4609373427841263
2021-02-08,0.08815159240321285,0.27907228663869527,0.023393563510005613,0.4707073960182267
2021-02-09,0.08429089252976091,0.2816845013828726,0.02313802788514561,0.45851882995409193
2021-02-10,0.08163127983510216,0.267341195447986,0.027965262338166964,0.4195435716496915
2021-02-11,0.08051596055417237,0.2947916763849942,0.028515643658109602,0.4255155941260497
2021-02-12,0.08154564658072044,0.2910796628795414,0.02863738019833824,0.42940962679775524
2021-02-13,0.08154564658072044,0.28741486196148064,0.026658851559461218,0.42940962679775524
2021-02-14,0.08154564658072044,0.30220649030936997,0.02668361837049514,0.42940962679775524
2021-02-15,0.08154564658072044,0.2951195475499808,0.027155962600474363,0.42940962679775524
2021-02-16,0.07219418552222406,0.3066352604376899,0.02498781054356726,0.41203487907006203
2021-02-17,0.062113596349276656,0.33370018983528943,0.02469831314488572,0.4137199085008236
2021-02-18,0.05726653198952408,0.3293941294158859,0.027612425122045543,0.4043165969663595
2021-02-19,0.05795267517243202,0.368015029662957,0.03716830349189369,0.3990081147796006
2021-02-20,0.05795267517243202,0.36995497587914467,0.03154294443541513,0.3990081147796006
2021-02-21,0.05795267517243202,0.38317410601446683,0.03570662160279271,0.3990081147796006
2021-02-22,0.04135184075311488,0.3525898134110688,0.04866184929609546,0.3406848737373995
2021-02-23,0.04075133082458865,0.303189709469887,0.05153319690395152,0.32701207491850276
2021-02-24,0.03856371085514271,0.3112739957325664,0.05961242842233128,0.3647126500247229
2021-02-25,0.01986088972076122,0.2873078180845235,0.04620570330401347,0.31250107787327946
2021-02-26,0.021019160272363557,0.2803873561572137,0.045328736707569164,0.30663385015895767
2021-02-27,0.021019160272363557,0.27899876118938544,0.04384155094361759,0.30663385015895767
2021-02-28,0.021019160272363557,0.26935638784559796,0.04341120101626799,0.30663385015895767
2021-03-01,0.04903025556847579,0.3105940556072328,0.05058749268938005,0.34411616279550544
2021-03-02,0.037577009760137725,0.2991018235431697,0.04675519721378876,0.3161856009558945
2021-03-03,0.02445085235214589,0.31891781042251566,0.04735760937201395,0.287163646832939
2021-03-04,0.016171860286518014,0.3007737298839358,0.043444794258181194,0.25943388166932785
2021-03-05,0.02170540443788288,0.30413385367197016,0.04157014761364531,0.23892468344098278
2021-03-06,0.02170540443788288,0.30399691207452334,0.04320822244191787,0.23892468344098278
2021-03-07,0.02170540443788288,0.32505232795652045,0.04644301585107763,0.23892468344098278
2021-03-08,0.0,0.3345951139291804,0.045383517783973634,0.2084097436826834
2021-03-09,0.020289897514430832,0.3582503050961104,0.050167307642129066,0.3049574936737956
2021-03-10,0.015528399087319233,0.3691201340149189,0.04780169215505233,0.3001379338073998
2021-03-11,0.02402177723673543,0.3856076872560061,0.05457368415630561,0.327675615208102
2021-03-12,0.020032526499099534,0.3812665669197693,0.049036197041314455,0.3225505038711613
2021-03-13,0.020032526499099534,0.4171587086704904,0.05194564094763534,0.3225505038711613
2021-03-14,0.020032526499099534,0.39934780488758365,0.048867490100947604,0.3225505038711613
2021-03-15,0.032729810756903455,0.36819000660985185,0.047630884032760334,0.33495729243747724
2021-03-16,0.039507393357734066,0.3764284417911233,0.04546266963712247,0.3078387101499383
2021-03-17,0.036032716346408755,0.39538854368642634,0.047759855532741695,0.32960516575028204
2021-03-18,0.017887622174233064,0.3861014298271149,0.04779762180263189,0.2871287152455935
2021-03-19,0.015571316697121362,0.39057744839141256,0.047700611736611394,0.28862170088093747
2021-03-20,0.015571316697121362,0.39027452784208644,0.04772823879529211,0.28862170088093747
2021-03-21,0.015571316697121362,0.38302246649687516,0.04819051715374511,0.28862170088093747
2021-03-22,0.030155932299237798,0.35554327084270604,0.05044793460612138,0.3018317560862345
2021-03-23,0.026509887796537568,0.3574686625330917,0.047700747415025405,0.2949866437636955
2021-03-24,0.016000257169050125,0.3394383295569985,0.0456108011293532,0.26714337092495705
2021-03-25,0.018145060511305322,0.32961771704501575,0.04316449365577935,0.27597918405127636
2021-03-26,0.020804706866834388,0.3611245730018941,0.04991010903995135,0.25705030042663896
2021-03-27,0.020804706866834388,0.3687985722010188,0.05655792595650789,0.25705030042663896
2021-03-28,0.020804706866834388,0.368589646643448,0.06235601463497963,0.25705030042663896
2021-03-29,0.021576752591087545,0.38510365614079595,0.06558043047895935,0.25057188983624495
2021-03-30,0.01518522651325388,0.39581800974334086,0.06703817402706974,0.2718144915288802
2021-03-31,0.0248368415534021,0.3958284775303708,0.06792756436585679,0.3000244261322725
2021-04-01,0.028483088021324876,0.39745263355495913,0.06646516374785995,0.29462865494464113
2021-04-02,0.028483088021324876,0.4001003025504127,0.06925410322063082,0.29462865494464113
2021-04-03,0.028483088021324876,0.3837609473626881,0.07979760676799681,0.29462865494464113
2021-04-04,0.028483088021324876,0.39435757420973155,0.08560005915762199,0.29462865494464113
2021-04-05,0.04092300126379739,0.397104543787627,0.08145872125776273,0.3202106070964
2021-04-06,0.04225263930677464,0.38916146510409494,0.08904459672691181,0.3207082423298538
2021-04-07,0.049502214632817954,0.36949077254266843,0.09489276174110745,0.302678667225652
2021-04-08,0.060054527244014555,0.390369132259799,0.0970302834793047,0.3138805958009874
2021-04-09,0.07137918852729824,0.3896445964938308,0.09989215193310054,0.3079609707056475
2021-04-10,0.07137918852729824,0.4038530758978281,0.09628978003148586,0.3079609707056475
2021-04-11,0.07137918852729824,0.40763162437837547,0.10048282240803721,0.3079609707056475
2021-04-12,0.06382939189786213,0.4047728072130366,0.10271388157825302,0.3297536050127547
2021-04-13,0.0775132089463188,0.43790267203976024,0.09857434783460173,0.3824366736583797
2021-04-14,0.06721816636784234,0.4342890270535206,0.09488134275242524,0.3561649625427669
2021-04-15,0.07781359855406372,0.43616408732955664,0.10004610659618142,0.3619449412237074
2021-04-16,0.07635507303819816,0.420184472699523,0.09073729128428568,0.3627569207757794
2021-04-17,0.07635507303819816,0.41202619495591936,0.08959340491064871,0.3627569207757794
2021-04-18,0.07635507303819816,0.3710256297402305,0.1172899089374385,0.3627569207757794
2021-04-19,0.07927198942644736,0.3665111814920419,0.11487894019023924,0.34079838141252666
2021-04-20,0.0718511139307701,0.3733827817970166,0.115240988870577,0.34460508511586846
2021-04-21,0.07352399186955333,0.34982534972334256,0.11809786289194343,0.36654615868544843
2021-04-22,0.0668321435057157,0.3301510364547584,0.14257860515737716,0.34521626799194066
2021-04-23,0.07704135086458791,0.32401494158298194,0.13526773883248333,0.3536940922992056
2021-04-24,0.07704135086458791,0.3144450540795184,0.14972111290539955,0.3536940922992056
2021-04-25,0.07704135086458791,0.3048400349620502,0.17521539492542793,0.3536940922992056
2021-04-26,0.07875724739578466,0.35088682634648427,0.1621762006287709,0.36137740284807146
2021-04-27,0.07734174047233272,0.36016834782642365,0.15934037509649754,0.33216336496220705
2021-04-28,0.07386706346100741,0.35825568238396827,0.16544250076585537,0.3231354680729788
2021-04-29,0.07343802200646726,0.3466043184478982,0.15634710393222057,0.3079435049119747
2021-04-30,0.06477310806132403,0.3851034410492817,0.15825220488022648,0.33626694719049416
2021-05-01,0.06477310806132403,0.3858181184541771,0.18344545683638205,0.33626694719049416
2021-05-02,0.06477310806132403,0.37483321557521027,0.17338266557685425,0.33626694719049416
2021-05-03,0.06940592098077009,0.3800570356376078,0.16970174687447756,0.314841014615532
2021-05-04,0.04928762658380709,0.344570914968741,0.15738150149273183,0.3049749594674684
2021-05-05,0.050360129237546014,0.3821101199903248,0.16581775058917836,0.30265248851888854
2021-05-06,0.057395082853708035,0.37268057969995144,0.16017351389823095,0.296191503754676
2021-05-07,0.06035999964319477,0.3814896885172849,0.15901744580320595,0.3039010329777965
2021-05-08,0.06035999964319477,0.39477259328660125,0.16827075764281718,0.3039010329777965
2021-05-09,0.06035999964319477,0.38952816028741527,0.1635361383752975,0.3039010329777965
2021-05-10,0.04592231374051886,0.36775498402215095,0.15807391611024288,0.2660694444352852
2021-05-11,0.041883211253771535,0.37550770671551464,0.16448692869690246,0.25573193276053124
2021-05-12,0.028390991879819916,0.306182492800058,0.1563346801898778,0.23188748735553472
2021-05-13,0.03784417608876506,0.31137365480086543,0.15072290364273738,0.21599701235009466
2021-05-14,0.04850043346785898,0.31288187649923827,0.15733654426689886,0.23175651388673485
2021-05-15,0.04850043346785898,0.28424570358957174,0.1601951637727267,0.23175651388673485
2021-05-16,0.04850043346785898,0.28145464025124195,0.17457403939539634,0.23175651388673485
2021-05-17,0.043430096554523845,0.2546704411284084,0.17327583899423057,0.2204847621041997
2021-05-18,0.03732852521460067,0.24890613193912448,0.20806547116030977,0.22139278353772612
2021-05-19,0.036641001936005,0.19469654588928614,0.12807261719569654,0.208811377002174
2021-05-20,0.047898913713219804,0.22938922981043275,0.16512244638814721,0.22917213596804636
2021-05-21,0.03982074240059569,0.1974703660578851,0.14232132954853202,0.22402080595685087
2021-05-22,0.03982074240059569,0.19959894753212643,0.11349349490187785,0.22402080595685087
2021-05-23,0.03982074240059569,0.17421424134717978,0.08801257537213787,0.22402080595685087
2021-05-24,0.04699653309864976,0.2103303292128879,0.1133704089114774,0.24633733413915787
2021-05-25,0.04613723839823408,0.2075426714902014,0.10842369861396363,0.24480941691646846
2021-05-26,0.04592231374051886,0.21572855264480872,0.12973615189500975,0.2574170021587841
2021-05-27,0.03917617039267257,0.20786154466017254,0.12221808629699471,0.26764979900648406
2021-05-28,0.0362972234662719,0.18272175601285862,0.10474084374394911,0.26273419725863373
2021-05-29,0.0362972234662719,0.17279621469047618,0.09834698014858642,0.26273419725863373
2021-05-30,0.0362972234662719,0.18254301496446335,0.1030620030527414,0.26273419725863373
2021-05-31,0.0362972234662719,0.1977288343609196,0.11926371450071416,0.26273419725863373
2021-06-01,0.034879292960148744,0.19178262944769703,0.11222336893146063,0.26158169468118025
2021-06-02,0.038230905829170714,0.19995270137600224,0.12364741805181359,0.2451848315617044
2021-06-03,0.031699518834687634,0.21494450822654687,0.14485162196038096,0.2170010756650756
2021-06-04,0.041797207729814934,0.19370508155405375,0.1369467042011526,0.23988510225552745
2021-06-05,0.041797207729814934,0.1813851056457373,0.14529186541100114,0.23988510225552745
2021-06-06,0.041797207729814934,0.18423392105566055,0.1557620146071793,0.23988510225552745
2021-06-07,0.041840293643969295,0.16311093058958293,0.14020452627085322,0.2451935844422864
2021-06-08,0.04544954681528618,0.16230265252737502,0.15272221674784778,0.2438489981019239
2021-06-09,0.04712545423240849,0.19784139892007746,0.15469845718860734,0.23964937399218228
2021-06-10,0.04274260693679849,0.19194480844949013,0.1511105772084031,0.24955036072759135
2021-06-11,0.0480707861176512,0.19774299455227862,0.1316828071075458,0.24934952408410044
2021-06-12,0.0480707861176512,0.18139023199349513,0.13320394547785852,0.24934952408410044
2021-06-13,0.0480707861176512,0.21392669518081098,0.14215823676091804,0.24934952408410044
2021-06-14,0.061520054220930154,0.22421086575472704,0.1419376016578252,0.2561597447867853
2021-06-15,0.057910599084390724,0.22593428651317143,0.15132195684346966,0.24015576210621808
2021-06-16,0.06010198907132519,0.20703645361126238,0.14574642476779195,0.2449665690920319
2021-06-17,0.06714916158345446,0.20434239654588837,0.1440583212745896,0.25520807885282265
2021-06-18,0.06143411801871451,0.18354440935793992,0.13400029709447311,0.26106659365405366
2021-06-19,0.06143411801871451,0.18197166020527278,0.12901949117821587,0.26106659365405366
2021-06-20,0.06143411801871451,0.1827281012125309,0.12889867138402789,0.26106659365405366
2021-06-21,0.06934041692690734,0.1458208888328814,0.09558226477319341,0.25890127488103726
2021-06-22,0.07655912523476355,0.15342851437554722,0.09602236154444709,0.261415829592526
2021-06-23,0.07535615304722604,0.16460058272055328,0.1086229111955788,0.29010601357068183
2021-06-24,0.07410996030205247,0.1732217732515473,0.1129761421082874,0.3104056622424452
2021-06-25,0.0728208836079472,0.14546376522194804,0.10343191374712368,0.30346446807096045
2021-06-26,0.0728208836079472,0.15049746230998445,0.10733082732399618,0.30346446807096045
2021-06-27,0.0728208836079472,0.17310436913331734,0.11585366125048903,0.30346446807096045
2021-06-28,0.07999677528861254,0.17112843093706775,0.11969257563249375,0.31817626179218345
2021-06-29,0.08665698243424308,0.18428346380112431,0.12330322025037915,0.3112263547076079
2021-06-30,0.08936405695621247,0.17669442575015382,0.12979992808356497,0.3103008674804088
2021-07-01,0.09069601759924956,0.16321564430846836,0.12152382351946575,0.3087467315834646
2021-07-02,0.10225468925378395,0.16619760136575223,0.12389413274627056,0.3096023956034641
2021-07-03,0.10225468925378395,0.17327784043961192,0.1256564853347964,0.3096023956034641
2021-07-04,0.10225468925378395,0.17896070164214212,0.12500967333233093,0.3096023956034641
2021-07-05,0.10225468925378395,0.16481144410175286,0.11991101054508904,0.3096023956034641
2021-07-06,0.11110621906460821,0.16930087003710947,0.12485024752887952,0.2927340359898066
2021-07-07,0.12206337096450343,0.16581473847027256,0.13377948597614045,0.27969859875374564
2021-07-08,0.1163484957041156,0.15683979409540272,0.12075362483389851,0.2868231238075574
2021-07-09,0.12438368208519673,0.16528873217201662,0.12098787178220277,0.2904377837154815
2021-07-10,0.12438368208519673,0.16274212033970514,0.11531247305984194,0.2904377837154815
2021-07-11,0.12438368208519673,0.16934668452965845,0.11680897663055057,0.2904377837154815
2021-07-12,0.12176251010457256,0.15939543977131543,0.1116959245974548,0.3155394864924767
2021-07-13,0.12666124390043992,0.15523060485535217,0.10505580834763963,0.30055703292056307
2021-07-14,0.14174292957624163,0.15633483091696387,0.11336052272217514,0.28732079900850244
2021-07-15,0.13886411729332265,0.14677566214063037,0.10248308892902988,0.2848935732653774
2021-07-16,0.12988366634873977,0.1434792771380045,0.09447721176183795,0.2793231841085098
2021-07-17,0.12988366634873977,0.14450280803316257,0.09582938283590826,0.2793231841085098
2021-07-18,0.12988366634873977,0.14692323284374292,0.095945662903703,0.2793231841085098
2021-07-19,0.11295386424268011,0.13793891406370756,0.08708524641520497,0.2810693638008716
2021-07-20,0.1288526338873745,0.12866545851555505,0.08340154813883306,0.2935373026287878
2021-07-21,0.12562967286514765,0.14980381010061328,0.09545029734715124,0.2889884026130826
2021-07-22,0.1316453416637256,0.1516613941911113,0.09959918190041706,0.28372360489425114
2021-07-23,0.13920786210218533,0.1633022186429799,0.10272063616308046,0.27858978064421963
2021-07-24,0.13920786210218533,0.16982626690940816,0.10344636166472417,0.27858978064421963
2021-07-25,0.13920786210218533,0.17953341864759004,0.10139366460417523,0.27858978064421963
2021-07-26,0.14105564192373893,0.19777178096661102,0.10192378583661973,0.29102274791729904
2021-07-27,0.13151655517344857,0.21676321452583258,0.10099589949809414,0.27981210642887294
2021-07-28,0.12382497895774841,0.2221682850376257,0.1000349442963906,0.2817329440579622
2021-07-29,0.12666124390043992,0.22228314390626963,0.11336105076789456,0.3082490963500108
2021-07-30,0.12760623917697828,0.24272199996248445,0.11763991524178644,0.31684914124549374
2021-07-31,0.12760623917697828,0.23712983568182344,0.1346867125258942,0.31684914124549374
2021-08-01,0.12760623917697828,0.22197545549504283,0.1247934239422965,0.31684914124549374
2021-08-02,0.12614542472192342,0.2148819165958814,0.12082549772348466,0.33646778383398507
2021-08-03,0.13405168996924582,0.20525531662981028,0.12380169540950076,0.3365288941280941
2021-08-04,0.13229001465426,0.21988863762316418,0.13059671973827908,0.3375591361498384
2021-08-05,0.1327625459533996,0.23018596462803914,0.13671625624844075,0.34079838141252666
2021-08-06,0.12975023465834307,0.2480535450249678,0.14475625103628112,0.32723909026875725
2021-08-07,0.12975023465834307,0.2640155221508277,0.14459233684421474,0.32723909026875725
2021-08-08,0.12975023465834307,0.2570620795246564,0.13794164501207473,0.32723909026875725
2021-08-09,0.12953507437453476,0.2806226662738737,0.14214804254494612,0.3400387592739817
2021-08-10,0.1274264901288656,0.273461015061846,0.14934614177287292,0.3367471565977665
2021-08-11,0.12854537746206124,0.27353998949618513,0.1535923627537497,0.33485253764293205
2021-08-12,0.14158458884172448,0.26284531676719997,0.15111321743700015,0.3474514099721569
2021-08-13,0.14248804660414832,0.29372700923772344,0.16570595157603024,0.3430160575990701
2021-08-14,0.14248804660414832,0.28733621016441296,0.16270041801671367,0.3430160575990701
2021-08-15,0.14248804660414832,0.2868778859959946,0.19973772079126503,0.3430160575990701
2021-08-16,0.15118083175001013,0.27731043619636003,0.23314137962326342,0.3159498327250581
2021-08-17,0.14717889086422103,0.26529628457281296,0.23997892630039078,0.2980861626770018
2021-08-18,0.13069691297840308,0.26626749445711406,0.2720187163788403,0.3184119900555286
2021-08-19,0.1321600836943883,0.2838546672165481,0.27284270238810393,0.3048614517923412
2021-08-20,0.1385720755814453,0.30791369270160346,0.2957865235833893,0.3107897898007718
2021-08-21,0.1385720755814453,0.30393367516931485,0.2766824455085294,0.3107897898007718
2021-08-22,0.1385720755814453,0.3077528759460677,0.27302077113903783,0.3107897898007718
2021-08-23,0.14511305592400187,0.30981313001592853,0.2841874419749891,0.3335254170962422
2021-08-24,0.14472595591402143,0.2929267254101309,0.2648191063534385,0.33543750184474946
2021-08-25,0.13930372826117882,0.3044411477487541,0.2697433967097824,0.33780361729376557
2021-08-26,0.13577505921367877,0.2859162476840805,0.28268081019402347,0.3290376673421373
2021-08-27,0.1403365110878066,0.30533940576111684,0.33178586448882336,0.33843226596351056
2021-08-28,0.1403365110878066,0.3039053189380111,0.3649160689778514,0.33843226596351056
2021-08-29,0.1403365110878066,0.3032393239125222,0.35632802140501163,0.33843226596351056
2021-08-30,0.159787579711045,0.2869511246566187,0.41813870644910556,0.35501249993280465
2021-08-31,0.154236228959221,0.2879762508138413,0.41021379629222293,0.35921212404254627
2021-09-01,0.15716250306945062,0.30339712938685753,0.42001587964572945,0.35778896161440205
2021-09-02,0.16206837296984983,0.30780858464827515,0.48564955702659424,0.3563046888921489
2021-09-03,0.164865591302839,0.31421110620911574,0.5567097842505804,0.3573349309138933
2021-09-04,0.164865591302839,0.3134700442451311,0.5279868546868487,0.3573349309138933
2021-09-05,0.164865591302839,0.33006969601376185,0.5393599620632153,0.3573349309138933
2021-09-06,0.164865591302839,0.33814681255929746,0.6251445681576674,0.3573349309138933
2021-09-07,0.17515053562018562,0.28471320499593417,0.6588585271895016,0.37422946923431416
2021-09-08,0.1683513090796664,0.27810799553143795,0.7276570759255144,0.37505891458005886
2021-09-09,0.1638757597468838,0.2808614537033484,0.7167154405736511,0.375923291513149
2021-09-10,0.1419288049027731,0.26702665995688685,0.6846834831733728,0.3596923334498186
2021-09-11,0.1419288049027731,0.2699408631871617,0.6808485218002953,0.3596923334498186
2021-09-12,0.1419288049027731,0.2778499215628463,0.6641982428476534,0.3596923334498186
2021-09-13,0.14442469112364537,0.2677531673950696,0.6439418810054243,0.3655683140447223
2021-09-14,0.13827081079106923,0.2872953427766932,0.6009738033974631,0.3668692159171573
2021-09-15,0.1421868491355131,0.2972421423104071,0.6049056904959254,0.3767702026525665
2021-09-16,0.14115413363062618,0.2936355953441398,0.5793613614760463,0.3777830188481293
2021-09-17,0.12940615324077603,0.28890161035700773,0.56059338450159,0.3799657634473272
2021-09-18,0.12940615324077603,0.2981783639750464,0.6436137885984318,0.3799657634473272
2021-09-19,0.12940615324077603,0.28883460935029875,0.5795252903360494,0.3799657634473272
2021-09-20,0.11597970720765077,0.24830409079055837,0.5011533313789072,0.35436638546938687
2021-09-21,0.11808822413157899,0.2285718820560379,0.46968468141774455,0.36240768483730706
2021-09-22,0.12850235886964784,0.2550099630837538,0.5618668547615635,0.373373845181806
2021-09-23,0.1327196620044679,0.2671293303063863,0.5689007757745642,0.37485811790405915
2021-09-24,0.13310696397967087,0.2482669158071677,0.5290733967621515,0.39297502197662465
2021-09-25,0.13310696397967087,0.24713668159661678,0.51670474718946,0.39297502197662465
2021-09-26,0.13310696397967087,0.2516513807849053,0.5148608115372856,0.39297502197662465
2021-09-27,0.12643679321639217,0.24272368484601325,0.5188176341280533,0.40779161045988416
2021-09-28,0.11154717646728157,0.23170010134305558,0.4988568605451996,0.39574277074513137
2021-09-29,0.11550623340413896,0.23656238841847627,0.5135230370430375,0.3990169076276738
2021-09-30,0.10978287560440197,0.2569957954896618,0.5355078098683838,0.39392672787807853
2021-10-01,0.11473156213199204,0.29669695701879145,0.6147683524277974,0.39369971252782415
2021-10-02,0.11473156213199204,0.2929760172154946,0.643263107568998,0.39369971252782415
2021-10-03,0.11473156213199204,0.29745877531390746,0.6567061541654459,0.39369971252782415
2021-10-04,0.09962691974255494,0.30583712752524045,0.6341844175152077,0.3992089913905827
2021-10-05,0.10810440996112675,0.3278800285494552,0.6241252639039692,0.3983882189904376
2021-10-06,0.11193447844248466,0.3631815290018688,0.5856430520258764,0.40027412503218135
2021-10-07,0.1174857618725677,0.3489066580171199,0.5863099737694893,0.40975609258940965
2021-10-08,0.11580743087277418,0.3503921158635611,0.6042590105048897,0.4026664191879609
2021-10-09,0.11580743087277418,0.35957279527187264,0.5960944262631422,0.4026664191879609
2021-10-10,0.11580743087277418,0.3577681416181889,0.5623453815268408,0.4026664191879609
2021-10-11,0.11542019621931204,0.3826679239841136,0.5500772953278232,0.40829799857391996
2021-10-12,0.10982596151855634,0.369418465945273,0.5803728623874467,0.42032933252750876
2021-10-13,0.10724383614763461,0.3818998680350824,0.5628349972522256,0.4250091260770315
2021-10-14,0.11950844357689167,0.3811695964953992,0.5689132141848435,0.4313304644268445
2021-10-15,0.12415586531410555,0.4203786644883632,0.6182821446599812,0.4529048362642793
2021-10-16,0.12415586531410555,0.4139383585181747,0.598835922294818,0.4529048362642793
2021-10-17,0.12415586531410555,0.4200085278408137,0.6073143417091339,0.4529048362642793
2021-10-18,0.13151467016470436,0.4243444142835356,0.5976533932420759,0.4765484849932761
2021-10-19,0.1410248758881631,0.4448639296576183,0.5929844716628127,0.4714495123956077
2021-10-20,0.14317674801320918,0.4607482945953964,0.6696169306767301,0.4727853858228794
2021-10-21,0.14412335901152834,0.4260338864313041,0.7248772085715617,0.49740687919260235
2021-10-22,0.14072374574126872,0.41210369959824394,0.7483827530688045,0.5110971038376806
2021-10-23,0.14072374574126872,0.41854016976976055,0.7532749793156309,0.5110971038376806
2021-10-24,0.14072374574126872,0.4142931161224506,0.7711859967592339,0.5110971038376806
2021-10-25,0.14050858545746053,0.43364780340076353,0.8009560409845526,0.6116611470562074
2021-10-26,0.143434926889431,0.4090892278737129,0.7613627622410778,0.6060470734314123
2021-10-27,0.14141231250684788,0.3918231150479789,0.6997154193395209,0.6230115148940154
2021-10-28,0.15742081658915413,0.4114601099388295,0.742355345868743,0.6572196906480208
2021-10-29,0.1455005598644275,0.42619717673925445,0.7628066152531804,0.6894896029467552
2021-10-30,0.1455005598644275,0.4230848742242959,0.7444781483325117,0.6894896029467552
2021-10-31,0.1455005598644275,0.41785499575091195,0.771412997746833,0.6894896029467552
2021-11-01,0.14188571898861874,0.4149682883858837,0.7757351693036847,0.7720764284746073
2021-11-02,0.14644717086274667,0.43536007524904935,0.8399273992140576,0.7401295334400906
2021-11-03,0.15277326020845844,0.4330074401140637,0.9270546495577257,0.7766776459363482
2021-11-04,0.15049239962791278,0.4190780777984752,0.944315173346764,0.7906909677806266
2021-11-05,0.1528195775661743,0.4160812077295322,0.9023517907275974,0.7838633212517603
2021-11-06,0.1528195775661743,0.41976866495376747,0.9887129640758969,0.7838633212517603
2021-11-07,0.1528195775661743,0.43628317633131547,0.9536807682414328,0.7838633212517603
2021-11-08,0.14919941827283717,0.4751931954222109,0.9484656127013147,0.7322192475084617
2021-11-09,0.1507938663835115,0.4697327388454818,0.9128827825250007,0.6104737128914084
2021-11-10,0.13833920967978924,0.45159303183435967,0.8919899495756446,0.6492831860421371
2021-11-11,0.1381237127872766,0.45117758257446133,0.8937634204601512,0.645406579196613
2021-11-12,0.14726014820544647,0.44389067640393126,0.871697621952749,0.6191349080484916
2021-11-13,0.14726014820544647,0.44676852916828685,0.9229258014059241,0.6191349080484916
2021-11-14,0.14726014820544647,0.45592110328539476,0.9098543229806998,0.6191349080484916
2021-11-15,0.14730323411960083,0.43840204283882694,0.9065017020364287,0.601646652645671
2021-11-16,0.1516129700046301,0.4072304070070076,0.8360801167741939,0.6377407344414201
2021-11-17,0.16234365156825153,0.40912794434628946,0.8340660917286233,0.6676707099979018
2021-11-18,0.18121985984623384,0.37768787430460576,0.7447524974196177,0.6741054760878595
2021-11-19,0.19276957770923303,0.3884935342549772,0.8208572627446064,0.7096233065948818
2021-11-20,0.19276957770923303,0.40297170256933895,0.8313746426967983,0.7096233065948818
2021-11-21,0.19276957770923303,0.39409989457558287,0.882389080977106,0.7096233065948818
2021-11-22,0.19479528889189596,0.3716965360219629,0.8226154789749968,0.7269194782347934
2021-11-23,0.1964759088308789,0.38344142891817395,0.8460692163199909,0.6851502524876316
2021-11-24,0.19875993353324523,0.3716151955809663,0.8194788874017104,0.6912357826391169
2021-11-25,0.19875993353324523,0.38073970025545606,0.7861473508142212,0.6912357826391169
2021-11-26,0.17665181044150108,0.34673882234151615,0.7294656325144885,0.6614804650193624
2021-11-27,0.17665181044150108,0.3581673514687564,0.7355809299909583,0.6614804650193624
2021-11-28,0.17665181044150108,0.38049904869952395,0.7647057023471597,0.6614804650193624
2021-11-29,0.19143377972696657,0.38562095123272216,0.7787123497414564,0.7095622362682641
2021-11-30,0.2132403014196304,0.37826869309042616,0.7954448278110863,0.7163462382966943
2021-12-01,0.21095627671726408,0.38032808679422975,0.8766853071312952,0.6729006160968791
2021-12-02,0.2066035222398213,0.37342669631452247,0.8928109433258316,0.6638203218266325
2021-12-03,0.19832914171344268,0.3470001943799939,0.8052629578872882,0.603026170573379
2021-12-04,0.19832914171344268,0.3066428961864481,0.7664290088883227,0.603026170573379
2021-12-05,0.19832914171344268,0.3081859985587255,0.7473704307529518,0.603026170573379
2021-12-06,0.21332654056967998,0.31932512205345576,0.7397992525563263,0.5978224831486565
2021-12-07,0.23858087789906351,0.32040308902602826,0.725947967947029,0.63513893069655
2021-12-08,0.2553884910454511,0.31861087483158895,0.7414237558762132,0.6501650287689
2021-12-09,0.25314735029201646,0.2926147351686178,0.6897315415791714,0.5932736231004425
2021-12-10,0.2742213441223155,0.2886793849741352,0.6388866646465403,0.6048247876142503
2021-12-11,0.2742213441223155,0.30812781630410346,0.6542465758761877,0.6048247876142503
2021-12-12,0.2742213441223155,0.3148806860931766,0.659945714654017,0.6048247876142503
2021-12-13,0.2582327672753057,0.2840373157607868,0.5898931160061556,0.560628256188981
2021-12-14,0.2521562396229848,0.28289155911261954,0.582696556911577,0.5537307464854238
2021-12-15,0.2735749880882595,0.3038531950943756,0.6788218236574589,0.5689925728211187
2021-12-16,0.2432352337755867,0.2925532906926953,0.6734920235244827,0.5261494205842852
2021-12-17,0.23840853424244618,0.2791244104823308,0.6679113430030407,0.531082448158317
2021-12-18,0.23840853424244618,0.2850587136650946,0.6961030585730474,0.531082448158317
2021-12-19,0.23840853424244618,0.28375773264076376,0.68557869668301,0.531082448158317
2021-12-20,0.23241811109669303,0.2853477966603332,0.6608689732585294,0.5025931407911433
2021-12-21,0.24638124604800343,0.3042192808517387,0.6855575161824871,0.5362861355830395
2021-12-22,0.25780184081202145,0.3013917595017326,0.6798074503286082,0.5977002625604386
2021-12-23,0.26055981057008554,0.3211781354492746,0.7237924266486568,0.6484537007289011
2021-12-24,0.26055981057008554,0.32152371581560646,0.7247032468428899,0.6484537007289011
2021-12-25,0.26055981057008554,0.31792315556315426,0.7356530962392774,0.6484537007289011
2021-12-26,0.26055981057008554,0.32140735130636233,0.7544164968174989,0.6484537007289011
2021-12-27,0.2780138470722701,0.3198555018791694,0.7445298381412672,0.67197512886968
2021-12-28,0.2735319694958461,0.29185058671543007,0.6753029269833207,0.6671992534712115
2021-12-29,0.27391954075801256,0.281350500109728,0.6492789564349791,0.6652085526674314
2021-12-30,0.2688344603834277,0.2880812154728267,0.6573291894426013,0.6513698887598804
2021-12-31,0.266119509217777,0.28008160356961576,0.6479005224203365,0.6395306385692006
2022-01-01,0.266119509217777,0.2927495616995072,0.6795030026354959,0.6395306385692006
2022-01-02,0.266119509217777,0.2896146745755458,0.6712932998206123,0.6395306385692006
2022-01-03,0.2852540310154627,0.2814735324559159,0.6478954179783822,0.7643843650451596
2022-01-04,0.2752989632283603,0.2763292962538147,0.638825411343089,0.7205632882326174
2022-01-05,0.254698914453759,0.2549594524264756,0.5894573609441504,0.6668936620331753
2022-01-06,0.2421147980423511,0.25121445822216126,0.5715069160868315,0.6464455740989394
2022-01-07,0.242847258582975,0.23650309485769694,0.5175656377273357,0.6134946956844243
2022-01-08,0.242847258582975,0.23811864722171266,0.5410617360733757,0.6134946956844243
2022-01-09,0.242847258582975,0.23974907674880175,0.534623274616628,0.6134946956844243
2022-01-10,0.24293356505476543,0.23892000650687678,0.5158435046211047,0.6407005669728356
2022-01-11,0.2553884910454511,0.2473134509727975,0.5321041445045699,0.6461836271613395
2022-01-12,0.2573276264693602,0.2584476990598699,0.5763969714790337,0.6826968080702518
2022-01-13,0.24293356505476543,0.24598931176209216,0.5545064841504751,0.6175109489443475
2022-01-14,0.2467260680047199,0.2506525316410148,0.5550793550842867,0.6332704504809878
2022-01-15,0.2467260680047199,0.25136559585955287,0.5613936084534803,0.6332704504809878
2022-01-16,0.2467260680047199,0.25078266200717503,0.5616064108784019,0.6332704504809878
2022-01-17,0.2467260680047199,0.24285969438023142,0.5311127093305071,0.6332704504809878
2022-01-18,0.23263354066746483,0.24400760194354182,0.537500126367712,0.6165941746302392
2022-01-19,0.21724830126209754,0.23821396861113964,0.5152184745045649,0.5861578109597216
2022-01-20,0.20983570634054677,0.22845021195610737,0.4822000983645583,0.5866991306611029
2022-01-21,0.20078564471590815,0.18969380405501812,0.42360356894275725,0.5409747219806353
2022-01-22,0.20078564471590815,0.17659727608285514,0.355207919090653,0.5409747219806353
2022-01-23,0.20078564471590815,0.1880372050603541,0.37597097013652786,0.5409747219806353
2022-01-24,0.1973810496368245,0.19150182747575956,0.3454866854039626,0.5288385932650101
2022-01-25,0.18945135642368066,0.19425202342636966,0.3572919101940452,0.5187105911793466
2022-01-26,0.18906344855280982,0.1933170206136448,0.3477471611211304,0.5353082909423132
2022-01-27,0.1870380066571104,0.19594275027463826,0.3377285203509198,0.4407424888743993
2022-01-28,0.23491783465679467,0.2018721422011585,0.3441898637888419,0.4558035185340947
2022-01-29,0.23491783465679467,0.20511948633852073,0.36307163461583086,0.4558035185340947
2022-01-30,0.23491783465679467,0.20309518840013613,0.35182156189208635,0.4558035185340947
2022-01-31,0.25409544236863474,0.2082851315490291,0.37658854894124943,0.5347058209793318
2022-02-01,0.2533629818280108,0.21067257566074787,0.41596304074164936,0.5299299455808635
2022-02-02,0.25866369373859005,0.19424266694549697,0.38465852499160286,0.5075872386917928
2022-02-03,0.24599354014235525,0.19609295584880115,0.38320290829430675,0.49490979027478627
2022-02-04,0.2447420289796532,0.23597974135478417,0.4244040862533805,0.5230062971380338
2022-02-05,0.2447420289796532,0.23543175987348242,0.43101788822484516,0.5230062971380338
2022-02-06,0.2447420289796532,0.2443453314696012,0.43642202546076486,0.5230062971380338
2022-02-07,0.24159211204626624,0.2574490650074937,0.44432522707140515,0.5090540456203734
2022-02-08,0.2552708126424171,0.26000180694796315,0.42986889007528556,0.5218537945605803
2022-02-09,0.26152782988200013,0.262024025668376,0.4314988205317331,0.5305847729573718
2022-02-10,0.24357682428874167,0.2549237472350994,0.4014432209157076,0.5066181069641575
2022-02-11,0.2285603733798392,0.24430406974743857,0.36368067668142195,0.4677213448125564
2022-02-12,0.2285603733798392,0.24280387813226678,0.3618977889815858,0.4677213448125564
2022-02-13,0.2285603733798392,0.24237297813192354,0.35161556538977046,0.4677213448125564
2022-02-14,0.2295961183630652,0.2459466160965007,0.3638782831239739,0.48148151256730803
2022-02-15,0.2464681584154617,0.2641935820760943,0.3963311516343674,0.522229169238325
2022-02-16,0.24543248075397656,0.25856478054082843,0.3850249593849991,0.5230673674646515
2022-02-17,0.2295961183630652,0.22714331591513287,0.3522550874277207,0.4819966135944345
2022-02-18,0.2227781090568443,0.22249013364021153,0.3393933311607216,0.46508460948034086
2022-02-19,0.2227781090568443,0.22332691132806615,0.3448964182972838,0.46508460948034086
2022-02-20,0.2227781090568443,0.20781024533400855,0.3426076627982543,0.46508460948034086
2022-02-21,0.2227781090568443,0.19536501446718968,0.31269941727381706,0.46508460948034086
2022-02-22,0.20991918529922077,0.20647631945940187,0.3255506419623013,0.43413306484771413
2022-02-23,0.19158013719160966,0.19739583684817513,0.3195422737440118,0.3839383722068144
2022-02-24,0.20310131063648168,0.20690381384410184,0.336045345284432,0.41600748782954916
2022-02-25,0.21220630680166702,0.2149945528522107,0.34913439589776313,0.42395270534852364
2022-02-26,0.21220630680166702,0.21399358864176277,0.3396859564968938,0.42395270534852364
2022-02-27,0.21220630680166702,0.20118800779129575,0.3219118789098574,0.42395270534852364
2022-02-28,0.213371309527356,0.25151092602605796,0.3757484282016705,0.47682785775705755
2022-03-01,0.2050861575224388,0.26216939168346687,0.3724155209642573,0.4715368013964801
2022-03-02,0.21958503888756215,0.25821841150561076,0.38009066549585974,0.4850873796271588
2022-03-03,0.2181609821030201,0.24470650597072086,0.3604404708036382,0.4496394122948277
2022-03-04,0.20495683245823487,0.21429145454050252,0.3323972240884052,0.4487662824811555
2022-03-05,0.20495683245823487,0.21670488887686767,0.3377875441280004,0.4487662824811555
2022-03-06,0.20495683245823487,0.20770567500946602,0.318155713692465,0.4487662824811555
2022-03-07,0.1882574053494192,0.20442072570568454,0.30888085465391457,0.4193339821256186
2022-03-08,0.18023103811639157,0.21061747638449768,0.30936032016713744,0.4366388666786209
2022-03-09,0.20400746126854025,0.2404036360754463,0.3322283668016877,0.466822076259612
2022-03-10,0.1848914529495927,0.21704329952605572,0.31199163065869656,0.4487749953942462
2022-03-11,0.16853745369316137,0.21114703169273985,0.3035551028714537,0.41127525693151706
2022-03-12,0.16853745369316137,0.21214770911450204,0.3066651161435299,0.41127525693151706
2022-03-13,0.16853745369316137,0.20247170979731,0.2965995966477852,0.41127525693151706
2022-03-14,0.15080207963589715,0.21914757565917953,0.3052021361420354,0.38597271751103085
2022-03-15,0.1700907682201664,0.2161377284022062,0.31205314798500766,0.4169853324702753
2022-03-16,0.1895088491903804,0.23270396928894677,0.33108083544579314,0.45046010475999027
2022-03-17,0.19395329587888283,0.23093688495309656,0.3309778665305085,0.47784934689821995
2022-03-18,0.20845197527878362,0.2387354938361807,0.33845734078719675,0.5073515104284476
2022-03-19,0.20845197527878362,0.24230999216681515,0.3484396930821347,0.5073515104284476
2022-03-20,0.20845197527878362,0.23365743412331696,0.333815613562483,0.5073515104284476
2022-03-21,0.21449322633889062,0.23209888101059456,0.3343629329506499,0.52112039109629
2022-03-22,0.22933713162595298,0.24385320208484978,0.3411140561450341,0.5846997169442318
2022-03-23,0.23533516212842404,0.2487552093932472,0.35876201881275177,0.5891787937527373
2022-03-24,0.2519915706448262,0.258556284426013,0.3861430961958466,0.6021093962592705
2022-03-25,0.2547963290127923,0.2621151886218596,0.37243300514474437,0.5992456455768007
2022-03-26,0.2547963290127923,0.26351102500400314,0.38437622588283243,0.5992456455768007
2022-03-27,0.2547963290127923,0.2847991340559028,0.4048323650222378,0.5992456455768007
2022-03-28,0.2585936118063484,0.28762124226946534,0.40245237495724384,0.6701415802414632
2022-03-29,0.27309229120624906,0.2907206392935649,0.4226202011338521,0.6768907306175302
2022-03-30,0.2679573927434233,0.28702160297614243,0.4571845777967936,0.6720187733701162
2022-03-31,0.254321643417945,0.2730355998951178,0.46472859097474295,0.6577086529358749
2022-04-01,0.2530270463410887,0.27985400089888535,0.5099835465858423,0.663811608913542
2022-04-02,0.2530270463410887,0.27606659781766535,0.5014009848213098,0.663811608913542
2022-04-03,0.2530270463410887,0.28143176885355314,0.5189979910771045,0.663811608913542
2022-04-04,0.2708485249049207,0.2829837258265033,0.5022229173194424,0.7169487082596757
2022-04-05,0.25626340438974776,0.27319451667561045,0.48088104015747585,0.6696351921274273
2022-04-06,0.24232564973474396,0.25163485458688883,0.42713079700491274,0.6299090245975727
2022-04-07,0.24366333272575463,0.25436149801668145,0.44986744826295016,0.639949737682364
2022-04-08,0.2348174579411632,0.24320029179314828,0.41527822411532317,0.6122111796706795
2022-04-09,0.2348174579411632,0.2477381850163971,0.427474584104121,0.6122111796706795
2022-04-10,0.2348174579411632,0.24246618445479312,0.4227437344963204,0.6122111796706795
2022-04-11,0.21608969410179085,0.21781823840354486,0.3750515251955445,0.5689402154075918
2022-04-12,0.224331625549072,0.22337304845788658,0.3903061793117898,0.5785618293792194
2022-04-13,0.23615500628869218,0.23291321748378901,0.3968257837940866,0.6094871553375916
2022-04-14,0.21410477989409288,0.22161406590240884,0.38031432219390254,0.5768592941872939
2022-04-15,0.21410477989409288,0.2272851329202375,0.38262898126905637,0.5768592941872939
2022-04-16,0.21410477989409288,0.22610144846837948,0.3862723793894817,0.5768592941872939
2022-04-17,0.21410477989409288,0.2196082658342553,0.3791680816164332,0.5768592941872939
2022-04-18,0.2131556106696208,0.22978822456948605,0.38589253850198724,0.5937014351266967
2022-04-19,0.22320970873753726,0.23599694867592935,0.4105916130044597,0.6145336905867504
2022-04-20,0.22247617104905953,0.23481885660344348,0.3987293299408076,0.5700490734846091
2022-04-21,0.21898096090677005,0.2270455926704627,0.3844221951962943,0.5976216864726569
2022-04-22,0.19900195519165914,0.21982271207402682,0.3799461569839816,0.5943649754162958
2022-04-23,0.19900195519165914,0.21749545773773038,0.38045519305749137,0.5943649754162958
2022-04-24,0.19900195519165914,0.21733542965108044,0.3746542881351828,0.5943649754162958
2022-04-25,0.20370545593901462,0.22641186137212094,0.382390040581024,0.5882270878512834
2022-04-26,0.17746956762780236,0.20492934543986674,0.36137464235301847,0.48205776385603477
2022-04-27,0.17647711052395337,0.21524144206205797,0.3713593121819471,0.48650182914221235
2022-04-28,0.20698489990182806,0.220130221242325,0.37061667454934566,0.48300938982250613
2022-04-29,0.1811375253571545,0.20944788042682722,0.35456569815235905,0.47711594343392966
2022-04-30,0.1811375253571545,0.20123471849848773,0.32028494071248653,0.47711594343392966
2022-05-01,0.1811375253571545,0.2081563634291262,0.3378785440069784,0.47711594343392966
2022-05-02,0.18247507370468347,0.20870914862091433,0.3298403680432827,0.5052124502971773
2022-05-03,0.1890340289520513,0.20156122741721705,0.32315510388445806,0.510721729159936
2022-05-04,0.21725496611444334,0.2194377341119897,0.3497958611689422,0.5485882093223013
2022-05-05,0.17734010792011673,0.19077510494606253,0.31836273695034645,0.4793161538268003
2022-05-06,0.18053789061125952,0.18587245236312216,0.3074737008193108,0.4726543723865882
2022-05-07,0.18053789061125952,0.18092620789994746,0.2967816550774879,0.4726543723865882
2022-05-08,0.18053789061125952,0.16768632143349388,0.2823115888926637,0.4726543723865882
2022-05-09,0.15798005829052936,0.13315868440099787,0.2363604636722708,0.40408086870301435
2022-05-10,0.16856747918958764,0.13982092896537313,0.2498048890547639,0.4153700862792222
2022-05-11,0.13395279433191337,0.12067215596343062,0.18614790682069482,0.3577103855266203
2022-05-12,0.11692625088422898,0.12169446800667422,0.16489497602657535,0.3524717665145524
2022-05-13,0.13658897906075068,0.12385434529624834,0.17992921505877757,0.3887841107799738
2022-05-14,0.13658897906075068,0.1313628136508152,0.19463166536395143,0.3887841107799738
2022-05-15,0.13658897906075068,0.14241081004064754,0.2192174447237375,0.3887841107799738
2022-05-16,0.12980402472929514,0.12917544049599455,0.1993582172663135,0.3493023844265551
2022-05-17,0.14579354408067707,0.13434166980543438,0.2127359915446679,0.3818167379017255
2022-05-18,0.10940715296862796,0.11868910182291581,0.18439976746278305,0.33659000442220305
2022-05-19,0.09441150447765317,0.13331819268315487,0.19385015769922687,0.3362494813968215
2022-05-20,0.09544866321743734,0.12309847786636169,0.18356268298609074,0.2965058480732941
2022-05-21,0.09544866321743734,0.12522288298036682,0.18655984115358004,0.2965058480732941
2022-05-22,0.09544866321743734,0.13340435475893064,0.19593114187560579,0.2965058480732941
2022-05-23,0.11930311226724982,0.12216395900954408,0.18171065063288536,0.30610995628375787
2022-05-24,0.10741914196085006,0.12727270511178335,0.18400420254719949,0.26530114935114074
2022-05-25,0.10811053623954564,0.12641716068930486,0.17757936760359982,0.29205302990653464
2022-05-26,0.12219841837668094,0.12370862079530032,0.16031014572812788,0.3347739615551503
2022-05-27,0.14752202977741585,0.11783839695950937,0.1506594354808518,0.3800880240030364
2022-05-28,0.14752202977741585,0.11955753381196033,0.16358599469197166,0.3800880240030364
2022-05-29,0.14752202977741585,0.12534889075916933,0.16576406594103849,0.3800880240030364
2022-05-30,0.14752202977741585,0.14627697246469235,0.17449181094253513,0.3800880240030364
2022-05-31,0.14406499106219744,0.14688193527299453,0.1690640436606719,0.3788918369576553
2022-06-01,0.1435031911346693,0.12858958498388062,0.14792295588351048,0.3632720218029059
2022-06-02,0.15430691678713054,0.13472372610773542,0.1503133748514628,0.39350762876491524
2022-06-03,0.12911263045059956,0.12772059734175745,0.14019255723454663,0.33112437005988066
2022-06-04,0.12911263045059956,0.12890008750908638,0.1427773410310512,0.33112437005988066
2022-06-05,0.12911263045059956,0.1295768908831696,0.14104353224724672,0.33112437005988066
2022-06-06,0.13239719086571894,0.1430124568547707,0.1562417148073886,0.3409817122948536
2022-06-07,0.1435031911346693,0.1410375761917999,0.14472345352993118,0.34257077977914324
2022-06-08,0.14026205324240865,0.13240066605596806,0.1424386730417339,0.35037631091622695
2022-06-09,0.11727201534531767,0.13146130764007835,0.14678071965274667,0.34471859279099565
2022-06-10,0.09346085417488209,0.1220253325285684,0.13569588123536708,0.3251348817898498
2022-06-11,0.09346085417488209,0.11539024326787534,0.12312755704105594,0.3251348817898498
2022-06-12,0.09346085417488209,0.1007235293169241,0.11129289370211627,0.3251348817898498
2022-06-13,0.07077315821602098,0.06148845317502094,0.10148436379045198,0.28193374073396177
2022-06-14,0.07457602871406893,0.05891335964135569,0.10733761124469691,0.29543192158362236
2022-06-15,0.08611443652460266,0.06227265891191852,0.12569157103926376,0.32715176130039353
2022-06-16,0.06290822851759043,0.042163591920026305,0.10839549217178523,0.2750275181173138
2022-06-17,0.06939036965862994,0.04298800184580781,0.11129154425194444,0.28461416053410477
2022-06-18,0.06939036965862994,0.029645767667126288,0.11538664881548218,0.28461416053410477
2022-06-19,0.06939036965862994,0.04373859953359374,0.12475261774253557,0.28461416053410477
2022-06-20,0.06939036965862994,0.04416319018285045,0.12926434304471826,0.28461416053410477
2022-06-21,0.08801573713014493,0.04518241924772226,0.13197147210082244,0.33772504120598384
2022-06-22,0.08576867206351407,0.038542060244928456,0.12428308242242486,0.33523670516874987
2022-06-23,0.09838725720624536,0.04862644665063212,0.1398696132733184,0.33257375116227966
2022-06-24,0.11303707391439072,0.04996429794537505,0.15539161987088754,0.3604344498271996
2022-06-25,0.11303707391439072,0.052448407768485306,0.15585597740936072,0.3604344498271996
2022-06-26,0.11303707391439072,0.04808882541060319,0.1446100850475615,0.3604344498271996
2022-06-27,0.11303707391439072,0.045410756814459885,0.14093094116551952,0.3583739258162196
2022-06-28,0.09480048949637782,0.04123654749333111,0.12891568619054214,0.3262699185736306
2022-06-29,0.10253582484364104,0.03961574331150752,0.12333051728048525,0.3153386898164771
2022-06-30,0.09168908059876629,0.036685479914830565,0.12223279823745489,0.3048177673244136
2022-07-01,0.10123927543629957,0.0319559043037419,0.11921305144752423,0.3121256632280435
2022-07-02,0.10123927543629957,0.031707097194558664,0.12135223799653128,0.3121256632280435
2022-07-03,0.10123927543629957,0.032210196246540146,0.12145422416006038,0.3121256632280435
2022-07-04,0.10123927543629957,0.04078343929413489,0.13452413311606298,0.3121256632280435
2022-07-05,0.11260473369454821,0.04040582821646302,0.12918143986677114,0.32732637926962965
2022-07-06,0.11848198899390522,0.04369248032806616,0.1356335718404769,0.32383397991741475
2022-07-07,0.13330455328911311,0.05368962920042247,0.14118877415595735,0.35738732829491143
2022-07-08,0.13628643515729816,0.05454796981258708,0.1402982983898582,0.3736794366198421
2022-07-09,0.13628643515729816,0.05327315825583115,0.1394725228923232,0.3736794366198421
2022-07-10,0.13628643515729816,0.0465576426930773,0.13418798801184953,0.3736794366198421
2022-07-11,0.12690871861986391,0.03839088675895114,0.12175286335025917,0.3306703793268631
2022-07-12,0.13118708257364958,0.032456493954723026,0.11903819497471677,0.32733513215021165
2022-07-13,0.12958812390633728,0.04060735104108279,0.1273180398626618,0.33773375411907464
2022-07-14,0.14246589775140345,0.043891386205928445,0.13576530457953265,0.3410690412632173
2022-07-15,0.14981265201038713,0.04633627767626203,0.1369500044868989,0.34566154581186753
2022-07-16,0.14981265201038713,0.04958491236271009,0.14524850699026304,0.34566154581186753
2022-07-17,0.14981265201038713,0.04581331850779222,0.1416748549086095,0.34566154581186753
2022-07-18,0.13641596218672464,0.06147285904023314,0.1612904479382731,0.3469188031838663
2022-07-19,0.15339935239851382,0.06976673405931916,0.16572661869877042,0.35997170621360003
2022-07-20,0.1622149997214563,0.06831947288096163,0.1549364444607574,0.3651317491378862
2022-07-21,0.17219746745709125,0.06770364795118655,0.15915423898040604,0.4285364969840831
2022-07-22,0.1667526196993176,0.06357709932477126,0.1492642653504913,0.4299422335860457
2022-07-23,0.1667526196993176,0.06128737845772267,0.14704361308132885,0.4299422335860457
2022-07-24,0.1667526196993176,0.06260601491052017,0.15075647854972976,0.4299422335860457
2022-07-25,0.16182621666795421,0.05115775113684154,0.13424331546889423,0.4199625908278724
2022-07-26,0.15599204728275146,0.05003861206357069,0.13223945530342224,0.3948870667576407
2022-07-27,0.1784205545392778,0.06555543937626399,0.1480697672614427,0.43669130402713036
2022-07-28,0.180840501836453,0.07393735852187605,0.15782642401514343,0.45261667065242467
2022-07-29,0.20313921277658925,0.0735771160839851,0.15429557297263533,0.4951804501254769
2022-07-30,0.20313921277658925,0.0722149773724175,0.16132786584466785,0.4951804501254769
2022-07-31,0.20313921277658925,0.0692845885056905,0.15611510117822378,0.4951804501254769
2022-08-01,0.19881756094342667,0.06907629029836984,0.1537552795261239,0.4955122602377678
2022-08-02,0.19233555444586886,0.06599198552885799,0.14594209504270608,0.5041821683079417
2022-08-03,0.21878276570166005,0.064784174978811,0.14128917618232822,0.5220196596492346
2022-08-04,0.217399977144269,0.06280601417024687,0.14238985814856192,0.5252588649444314
2022-08-05,0.21640449056208105,0.06884791688304648,0.14904327821691887,0.4716591019196806
2022-08-06,0.21640449056208105,0.06583746020011594,0.14710524775113315,0.4716591019196806
2022-08-07,0.21640449056208105,0.06780699942381463,0.14921461438493028,0.4716591019196806
2022-08-08,0.21432741289113727,0.07362165795174103,0.1552320620560063,0.47756126122134773
2022-08-09,0.21454371764454022,0.06770079798862189,0.14831882882576372,0.4589903664157647
2022-08-10,0.23323829186566553,0.07488955073145317,0.155983075080435,0.4878638413087563
2022-08-11,0.2299927780602486,0.07498028350190816,0.15773614286506124,0.4676253428985931
2022-08-12,0.24561498999346482,0.07906680718236811,0.16739879281277062,0.5027240742924519
2022-08-13,0.24561498999346482,0.07926182348867986,0.17182293586521477,0.5027240742924519
2022-08-14,0.24561498999346482,0.07830065120838009,0.16579080558955187,0.5027240742924519
2022-08-15,0.2503318204455118,0.07662707790837806,0.16158676959448115,0.5270574819853029
2022-08-16,0.2496394836624441,0.07429898113031719,0.15903201106429962,0.5198368750825453
2022-08-17,0.2562170870320319,0.0692763433309751,0.14843583495642265,0.5131140233157154
2022-08-18,0.2544861777526219,0.06814515913290264,0.14513741203807415,0.5101629036973907
2022-08-19,0.24310496620701066,0.046714605725648256,0.1310836365633203,0.4939144398728961
2022-08-20,0.24310496620701066,0.04936231056968751,0.1286976473122364,0.4939144398728961
2022-08-21,0.24310496620701066,0.05274008978618855,0.13355581461016103,0.4939144398728961
2022-08-22,0.22601157227064622,0.05149920891581569,0.1294845381097116,0.476225387794076
2022-08-23,0.2245401209805345,0.05268472164554544,0.13014540199548796,0.4933556943453334
2022-08-24,0.22583842075313848,0.05146352164873236,0.12749867550250946,0.49504080371107745
2022-08-25,0.23665702451033116,0.053352975131934655,0.1288773295362018,0.49235163103035257
2022-08-26,0.20891824565602263,0.041047356582198685,0.11507298965815353,0.4714495123956077
2022-08-27,0.20891824565602263,0.03904413761221692,0.11436576042462576,0.4714495123956077
2022-08-28,0.20891824565602263,0.03514451053340337,0.10994331885283304,0.4714495123956077
2022-08-29,0.19922465551044438,0.04139585860826667,0.11791427899682909,0.4628843990874702
2022-08-30,0.1885358480696417,0.036796359590459654,0.11386444701976232,0.4442349281941054
2022-08-31,0.18122241807238676,0.03911778853157677,0.11409861329441501,0.43876050098370983
2022-09-01,0.18442477864190848,0.039827895241793004,0.11453204348846116,0.442820478679052
2022-09-02,0.17512064476724104,0.03838368119322161,0.11315646238749706,0.4246162456381229
2022-09-03,0.17512064476724104,0.03712012609238144,0.11270102295450724,0.4246162456381229
2022-09-04,0.17512064476724104,0.03853915650948522,0.11653641703171588,0.4246162456381229
2022-09-05,0.17512064476724104,0.03693918035596444,0.11687360355943151,0.4246162456381229
2022-09-06,0.16958161389399556,0.027994097852998612,0.1118637844644801,0.4356435962117133
2022-09-07,0.17576989563615425,0.032148231966124735,0.11885871810186449,0.45995078523030936
2022-09-08,0.1692787333818387,0.03251082248638029,0.12231058230551109,0.4745141396890597
2022-09-09,0.18187153429781827,0.05133625916942966,0.12665986020929243,0.5018072999783436
2022-09-10,0.18187153429781827,0.054083802324696534,0.12814777570309235,0.5018072999783436
2022-09-11,0.18187153429781827,0.05489797747925523,0.1275296101809048,0.5018072999783436
2022-09-12,0.20809570862611987,0.06041527198864194,0.13698174590181,0.5142228813927328
2022-09-13,0.1665956927213585,0.041384046499272215,0.12162680710268706,0.48203154518178
2022-09-14,0.17295699133754333,0.04087363433580407,0.12416748441368436,0.5094818576466273
2022-09-15,0.16023425946169206,0.0359190371521568,0.12015361821728396,0.5124679088522976
2022-09-16,0.15300727057970925,0.03657404458612282,0.11692824162345364,0.5114202010368807
2022-09-17,0.15300727057970925,0.039831892359100673,0.12285709495716224,0.5114202010368807
2022-09-18,0.15300727057970925,0.03333376262014731,0.11251019309868766,0.5114202010368807
2022-09-19,0.16936524181885165,0.03447745797463572,0.11876022290725816,0.5264026546087943
2022-09-20,0.1798377445062514,0.028481602770192266,0.11394513533927526,0.5255120989689406
2022-09-21,0.16607623816883527,0.025330243221092924,0.11161244936997831,0.5047409138355046
2022-09-22,0.16183550706819377,0.03327911145121859,0.11769744288932865,0.4727591671486246
2022-09-23,0.15183890176697695,0.032215358442883674,0.12257200894042825,0.43802709751941965
2022-09-24,0.15183890176697695,0.028905799085006068,0.12174921103403327,0.43802709751941965
2022-09-25,0.15183890176697695,0.027667660631440744,0.11741465973864876,0.43802709751941965
2022-09-26,0.15331035305708868,0.03152737031005612,0.12335609816200324,0.43980828873410943
2022-09-27,0.15759450668058889,0.030498372505575855,0.11900948982269224,0.4579600844265292
2022-09-28,0.1492857247446276,0.033399974957970424,0.12087555939127193,0.4707161089313174
2022-09-29,0.117435809140845,0.034742880903299744,0.12363254476405025,0.4193776266260549
2022-09-30,0.0989141844720049,0.033446488497940935,0.12078714106914429,0.4116244928699894
2022-10-01,0.0989141844720049,0.03234803405862996,0.11793003236079144,0.4116244928699894
2022-10-02,0.0989141844720049,0.029888641835373014,0.11633932396694667,0.4116244928699894
2022-10-03,0.11730594550271417,0.035206600283868794,0.1198457675628688,0.3517732546701164
2022-10-04,0.13310103966647463,0.0417523907175357,0.12428629470055125,0.3702132159743908
2022-10-05,0.13439940676081946,0.040136031760341306,0.12409946919143722,0.34760856214772023
2022-10-06,0.1302018288960733,0.038252188580804036,0.12128844714003939,0.34058883185594496
2022-10-07,0.10709330473505779,0.03450242651458907,0.11997590149682968,0.3011420370898718
2022-10-08,0.10709330473505779,0.03330680448368656,0.11834737916230062,0.3011420370898718
2022-10-09,0.10709330473505779,0.03358081314863029,0.11963914033927694,0.3011420370898718
2022-10-10,0.10852126618057006,0.03078229330447091,0.1160130137142572,0.3008539114455085
2022-10-11,0.10228962923729351,0.029955732463546242,0.11142208155416322,0.28393315445083284
2022-10-12,0.099520282105023,0.030928770625719026,0.11291635559850102,0.28587145787359475
2022-10-13,0.11964295241514228,0.03299786137195959,0.11052867220073401,0.29760595326972944
2022-10-14,0.0996933663007899,0.031187669111782168,0.1084634560562541,0.25378491642467854
2022-10-15,0.0996933663007899,0.030104557867158988,0.10680209954553346,0.25378491642467854
2022-10-16,0.0996933663007899,0.03194421766479749,0.10908414446354547,0.25378491642467854
2022-10-17,0.11713299595042898,0.034538293024600986,0.11314472070420854,0.2913982025300262
2022-10-18,0.12293175409993612,0.03255287287742875,0.1090668069624249,0.29359841292289673
2022-10-19,0.12340758416437819,0.030764404860197103,0.1042083829756089,0.2984441115285649
2022-10-20,0.12137365972932962,0.029977044447756257,0.10107191607978398,0.2597831176078002
2022-10-21,0.13816437511875984,0.03106664428639458,0.10116258593018743,0.2785373832632014
2022-10-22,0.13816437511875984,0.031394461678502655,0.10079801436474581,0.2785373832632014
2022-10-23,0.13816437511875984,0.03468742314119233,0.10562827591319336,0.2785373832632014
2022-10-24,0.1475981033445946,0.032655256438242436,0.101936942975795,0.2701817795441544
2022-10-25,0.16010446314530208,0.03954080184306183,0.11204924585548569,0.29943946193045506
2022-10-26,0.1471653591943069,0.04573161958093844,0.11337483129437745,0.3052543322312497
2022-10-27,0.1274755003562162,0.041284279885216046,0.11085975686680313,0.30643301351546676
2022-10-28,0.174817831576825,0.044124778423252464,0.11655297713219401,0.31541726590425884
2022-10-29,0.174817831576825,0.04617244963952588,0.11942091077779471,0.31541726590425884
2022-10-30,0.174817831576825,0.044494180174794645,0.11983926966693276,0.31541726590425884
2022-10-31,0.16443197196992004,0.043210926276101874,0.11847466751655136,0.3128503138117518
2022-11-01,0.152791100469788,0.043114565277689004,0.11708037746238989,0.3135837572435332
2022-11-02,0.12847085229492244,0.04012490077447553,0.11146517595204161,0.2799517928107636
2022-11-03,0.1018570197304875,0.04058820789630882,0.11167974586332959,0.28081616974385376
2022-11-04,0.10068656394378844,0.049189502462228724,0.1229727369697127,0.2602807928087452
2022-11-05,0.10068656394378844,0.05043265971779473,0.13445004536804264,0.2602807928087452
2022-11-06,0.10068656394378844,0.0471636809589511,0.11875360766782889,0.2602807928087452
2022-11-07,0.10302740819544581,0.04419328507056161,0.10690206153380481,0.23306616863975177
2022-11-08,0.10554153860809273,0.0252739967900997,0.08595232432421405,0.2179265628922747
2022-11-09,0.08547198515151683,0.0008580358991859827,0.04668573719978157,0.18201581197885264
2022-11-10,0.137487724301314,0.016514323172472922,0.0610685731653468,0.216407358582676
2022-11-11,0.14975468799150132,0.01144409637558877,0.055859746839893316,0.2301587334893544
2022-11-12,0.14975468799150132,0.009286459622622117,0.048985669666538556,0.2301587334893544
2022-11-13,0.14975468799150132,0.005195060534504359,0.043700669079076236,0.2301587334893544
2022-11-14,0.14359952854584873,0.007625505024793172,0.04691836334108599,0.21700978857816627
2022-11-15,0.15122836089906172,0.010070450268005349,0.04807165919608408,0.22609879576150355
2022-11-16,0.14581010522893018,0.008095748847963102,0.04801095960724124,0.20645397446624864
2022-11-17,0.15417590867940495,0.008261656102670989,0.04552404395105122,0.19663156381862124
2022-11-18,0.15664661656919326,0.00835581241306213,0.044019689367250536,0.18882603268153753
2022-11-19,0.15664661656919326,0.008482178677721858,0.04249517003753995,0.18882603268153753
2022-11-20,0.15664661656919326,0.004630355687964688,0.040195098225384786,0.18882603268153753
2022-11-21,0.14242927472437222,0.0,0.03863158051910538,0.15655612038280303
2022-11-22,0.15183513174948843,0.0036937038402967692,0.040897952746806625,0.16189953415690744
2022-11-23,0.1556930714315649,0.007556747437383993,0.04826475158113195,0.19671013990640296
2022-11-24,0.1556930714315649,0.007499461397404927,0.04915235243164767,0.19671013990640296
2022-11-25,0.14286262477032768,0.006741210036567968,0.04715592157608905,0.19581958426654927
2022-11-26,0.14286262477032768,0.0062129632017045855,0.04752526755491031,0.19581958426654927
2022-11-27,0.14286262477032768,0.006032591042659047,0.04735828409709986,0.19581958426654927
2022-11-28,0.1260010195877655,0.0039465618396662405,0.04462345464263171,0.19597673644211272
2022-11-29,0.11278030879472717,0.006035853263959501,0.044489705062286534,0.1905023891666996
2022-11-30,0.14251585048312604,0.012676355661096178,0.04735704832343708,0.22683219922579373
2022-12-01,0.14372966147094307,0.01082775164132077,0.04491741476103909,0.22683219922579373
2022-12-02,0.141562170702016,0.011943036991626826,0.04581975322090413,0.22725129833895702
2022-12-03,0.141562170702016,0.010287244590141437,0.04423102133152298,0.22725129833895702
2022-12-04,0.141562170702016,0.012326885723213804,0.045829668746079695,0.22725129833895702
2022-12-05,0.13644746876145003,0.010898355430894485,0.0462637589972751,0.19474565777687747
2022-12-06,0.12032263271092708,0.011950780286142132,0.048023827054667664,0.18785690095390212
2022-12-07,0.11178327381249925,0.009735606553096354,0.04506616230660913,0.17271725523893378
2022-12-08,0.11919553212534567,0.013272033685697127,0.04571817409261709,0.1711456935158081
2022-12-09,0.11707159852275911,0.012351352382967057,0.04529892412632756,0.18584002144335843
2022-12-10,0.11707159852275911,0.012310718011054489,0.04528665073033548,0.18584002144335843
2022-12-11,0.11707159852275911,0.012085588892738724,0.04471301339683389,0.18584002144335843
2022-12-12,0.127171273409242,0.013023907699642567,0.04429287602037702,0.15642518688149437
2022-12-13,0.1314193425796379,0.01829972613562561,0.04627480762055689,0.13843050339714685
2022-12-14,0.12162295213575697,0.018614799355510525,0.04745348633992822,0.12756038493410232
2022-12-15,0.09253753649890256,0.014477836714943848,0.04699586138437751,0.1298391714147547
2022-12-16,0.08391166916346177,0.00789426187192907,0.04024805681066047,0.11035150229506324
2022-12-17,0.08391166916346177,0.00924889030478851,0.04116241564461038,0.11035150229506324
2022-12-18,0.08391166916346177,0.008908274967578761,0.04081141925453856,0.11035150229506324
2022-12-19,0.07463554113299459,0.005987188808845856,0.0389639779655047,0.10940854927419136
2022-12-20,0.07433218936865166,0.010269517464503358,0.040301536107687226,0.07779350431945664
2022-12-21,0.08798625020764556,0.009454858354037449,0.03971888899409823,0.07719107432396638
2022-12-22,0.07402870296082703,0.009572387942317434,0.038434021747347516,0.04518308897908624
2022-12-23,0.07242496444991325,0.00926597215588365,0.03840071086321483,0.03942061605930969
2022-12-24,0.07242496444991325,0.009732200937453056,0.03708610437490577,0.03942061605930969
2022-12-25,0.07242496444991325,0.00967925257634597,0.03686934527407275,0.03942061605930969
2022-12-26,0.07242496444991325,0.010393410176748469,0.03655676787707206,0.03942061605930969
2022-12-27,0.06449254470626437,0.008533818565450185,0.035706302575170566,0.0026193095060340066
2022-12-28,0.0471973201907831,0.007023230860419893,0.03059413428525798,0.012075018421516315
2022-12-29,0.06267196286802063,0.007847067208829911,0.030193769287405622,0.035936929620185576
2022-12-30,0.06405909367769752,0.007482218227674059,0.031071967990528547,0.03949919214709141
2022-12-31,0.06405909367769752,0.0069766456232779606,0.03138289157767192,0.03949919214709141
2023-01-01,0.06405909367769752,0.007688652308537325,0.03146415561369839,0.03949919214709141
2023-01-02,0.06405909367769752,0.008270403157586426,0.0364274040097853,0.03949919214709141
2023-01-03,0.04299280818672763,0.008191357026075874,0.04439093117688385,0.0
2023-01-04,0.04858451832220084,0.0098742868069506,0.04474109516155077,0.014510977061477748
2023-01-05,0.04277609950287947,0.009631072077139535,0.04468040657366042,0.005867247698067346
2023-01-06,0.06271535173000892,0.010688587431559315,0.045089957366839975,0.012991772751879127
2023-01-07,0.06271535173000892,0.010717122905791715,0.04342281802209498,0.012991772751879127
2023-01-08,0.06271535173000892,0.011965836692144155,0.04814332673455714,0.012991772751879127
2023-01-09,0.06501260515445545,0.012933210777773319,0.055766378089146244,0.03056733713931764
2023-01-10,0.0675267692279728,0.015225118408550786,0.05535979755313836,0.028157577189865335
2023-01-11,0.07949031383207633,0.019709149131756643,0.055985363049365945,0.03960396692538226
2023-01-12,0.0791435395448748,0.02828703457120202,0.05698366281778099,0.04049452256523589
2023-01-13,0.08499534722618446,0.03783123656299783,0.06340269659243548,0.0374561339297842
2023-01-14,0.08499534722618446,0.0476208221240407,0.08632345979130665,0.0374561339297842
2023-01-15,0.08499534722618446,0.04674439590038082,0.08103200164473406,0.0374561339297842
2023-01-16,0.08499534722618446,0.04939509410132761,0.08373995210529066,0.0374561339297842
2023-01-17,0.09011018381023211,0.0493206365887891,0.08107336522608773,0.06126566773118086
2023-01-18,0.08694586002429977,0.04498220489648125,0.07325459959277453,0.054167321384132605
2023-01-19,0.08720612587448845,0.04863485314398325,0.07546989073109132,0.049950231480718255
2023-01-20,0.098475987260707,0.06322445678705274,0.09131754019023236,0.06632091589343064
2023-01-21,0.098475987260707,0.06415202101824088,0.08777837242764355,0.06632091589343064
2023-01-22,0.098475987260707,0.06362700055609222,0.08625936824211344,0.06632091589343064
2023-01-23,0.11252024490976115,0.06559107287046875,0.0867400731959833,0.09337838788686059
2023-01-24,0.11867547167715459,0.0628565965246965,0.08073349446596512,0.09374508961900574
2023-01-25,0.11577121177618827,0.0672744328343721,0.08756153632014312,0.0951594991665679
2023-01-26,0.12487398632392493,0.06649361478882498,0.08671273216206726,0.13664939211743954
2023-01-27,0.13341307593538937,0.06691531962693129,0.08693252385880272,0.1828277915309246
2023-01-28,0.13341307593538937,0.06647812819979435,0.08529429135021117,0.1828277915309246
2023-01-29,0.13341307593538937,0.07330118951970538,0.09356353131995811,0.1828277915309246
2023-01-30,0.12071262755576467,0.06472572385979605,0.08515786487142733,0.15338677826229702
2023-01-31,0.12630443867384927,0.06747104440274834,0.08518180294404053,0.17056944222708137
2023-02-01,0.13124578713168483,0.07283501451101457,0.0891838394495325,0.19202159347629827
2023-02-02,0.15460946069058307,0.07052328261233445,0.08638344431823779,0.209990058286391
2023-02-03,0.17056080861489392,0.07031634665127112,0.08798238875851168,0.21446905515991405
2023-02-04,0.17056080861489392,0.0692382542086486,0.08658603052528252,0.21446905515991405
2023-02-05,0.17056080861489392,0.06578594578243763,0.083416480098343,0.21446905515991405
2023-02-06,0.15855384148793167,0.06399127595987655,0.08039018407469802,0.22698935140135718
2023-02-07,0.17121086734469765,0.0686182708429301,0.08483116591841663,0.23235894388222506
2023-02-08,0.15937759030917004,0.06563665434721055,0.08225999396712348,0.24409343927835975
2023-02-09,0.15482610205269037,0.05535484977995195,0.07172229892267099,0.2598879123698366
2023-02-10,0.15643239878975707,0.0538144002030177,0.07048410505034132,0.23256849343880676
2023-02-11,0.15643239878975707,0.05583056051244406,0.07317562742184966,0.23256849343880676
2023-02-12,0.15643239878975707,0.0550718610442856,0.07571295310932238,0.23256849343880676
2023-02-13,0.16876163509024572,0.05525447373993855,0.07302184144004026,0.22667504705023028
2023-02-14,0.16593984432184034,0.05904194851833,0.07700096662848457,0.2649431605320864
2023-02-15,0.17518668739503068,0.07819518466919456,0.08491785342401953,0.2780135293554928
2023-02-16,0.16815385441370595,0.07191458414838453,0.07877355743679228,0.24605792140788524
2023-02-17,0.1631181208751759,0.08056070737074614,0.08216035467345843,0.2624810032016159
2023-02-18,0.1631181208751759,0.08125520202188172,0.08335939248890029,0.2624810032016159
2023-02-19,0.1631181208751759,0.07837690115020454,0.08859704864383981,0.2624810032016159
2023-02-20,0.1631181208751759,0.08297933975204053,0.09375194096623038,0.2624810032016159
2023-02-21,0.1454491260544058,0.07937456729076633,0.08901157920151213,0.23382575081080553
2023-02-22,0.14731595792862456,0.0771031112781416,0.08606157111638502,0.24296715537516095
2023-02-23,0.1494430556530319,0.074888170560903,0.08498283238338007,0.24613653746315828
2023-02-24,0.13776502255194173,0.06801106749802044,0.08172308148000992,0.2325423147320433
2023-02-25,0.13776502255194173,0.06780226741049972,0.07968657048755454,0.2325423147320433
2023-02-26,0.13776502255194173,0.07134319354060822,0.08250384107996533,0.2325423147320433
2023-02-27,0.14301793602650598,0.07099132174748268,0.08033712281386579,0.2606998919219085
2023-02-28,0.1408038586128995,0.06754510758084395,0.07735254240205407,0.2556708224664223
2023-03-01,0.13168721578654435,0.07212635966851993,0.07962132750533428,0.2479700461238838
2023-03-02,0.13429216322761967,0.07055628123548888,0.07761589787064073,0.2168788151093664
2023-03-03,0.15651944580069704,0.06034396915164669,0.07536448693832273,0.23492585600724086
2023-03-04,0.15651944580069704,0.060258344804656694,0.07370142161298233,0.23492585600724086
2023-03-05,0.15651944580069704,0.06101238395667166,0.07374658418992841,0.23492585600724086
2023-03-06,0.1686747900445283,0.06095956106561462,0.0724255091415566,0.2245010153641231
2023-03-07,0.15899372174275123,0.05903244864311444,0.07092483987683929,0.20852325135781058
2023-03-08,0.16450717035446755,0.054428325157749674,0.06391313345389536,0.19356697649266041
2023-03-09,0.1546091240818787,0.04199263001473205,0.05963334489999452,0.16978364138177293
2023-03-10,0.14553603842186397,0.04037947950595952,0.06323042901044679,0.1711456935158081
2023-03-11,0.14553603842186397,0.04446487395596929,0.06316198841803679,0.1711456935158081
2023-03-12,0.14553603842186397,0.058520172353188904,0.0711778471161192,0.1711456935158081
2023-03-13,0.15408818845105637,0.07718285645707368,0.07165148945849198,0.1738697578163873
2023-03-14,0.16329167632312885,0.082216947879553,0.07355221202740782,0.1968672920819664
2023-03-15,0.16502803866354904,0.07882033023125662,0.06725756235554732,0.1895070387648095
2023-03-16,0.1774441200097549,0.08503174298162886,0.06894772669384902,0.19914611853011
2023-03-17,0.17375408074939874,0.1067922646961344,0.07624790009292481,0.18866888050597408
2023-03-18,0.17375408074939874,0.10258862368613028,0.07458219453898737,0.18866888050597408
2023-03-19,0.17375408074939874,0.11243393587367345,0.07730261274569666,0.18866888050597408
2023-03-20,0.18417299533106896,0.1099428714249337,0.07835256565302554,0.19684111337520288
2023-03-21,0.19233461194149676,0.11369250802109865,0.08005134740410924,0.2343758233927688
2023-03-22,0.18603962524006518,0.10572318817282023,0.07567645194896827,0.21753364248587487
2023-03-23,0.1908151602501474,0.11514394555969243,0.07850757640754522,0.22033632284172705
2023-03-24,0.19654558683267537,0.10742875633557658,0.07259409507144608,0.2155953790306041
2023-03-25,0.19654558683267537,0.10744180522077829,0.0717012210977046,0.2155953790306041
2023-03-26,0.19654558683267537,0.11202696480429769,0.07373479850282995,0.2155953790306041
2023-03-27,0.18799343680348296,0.10418555270986493,0.06968264899177244,0.2192623963520552
2023-03-28,0.1852582217938316,0.10536246177902209,0.07179370243828434,0.21239981823584336
2023-03-29,0.19880308676914044,0.11527672872119588,0.07425753442917106,0.22468438621394132
2023-03-30,0.20570551753840755,0.11238701007496715,0.07210265318794826,0.22835140353539235
2023-03-31,0.21673234744009923,0.11647016398836951,0.07448450608089681,0.26025461410198175
2023-04-01,0.21673234744009923,0.11585116645875831,0.07373526787680276,0.26025461410198175
2023-04-02,0.21673234744009923,0.11390810141561314,0.07204855050361386,0.26025461410198175
2023-04-03,0.2222457287300747,0.1101538045033047,0.07168739656741176,0.22701557007561196
2023-04-04,0.21990158571311486,0.11362159951854633,0.07353908422410585,0.22127927586259893
2023-04-05,0.21178332430380492,0.11371240398617272,0.07369822400279259,0.20278695714479755
2023-04-06,0.2156905435001954,0.11248408804509441,0.0723298301907871,0.20158205718632582
2023-04-07,0.2156905435001954,0.11139859286952092,0.07179079085285926,0.20158205718632582
2023-04-08,0.2156905435001954,0.11159990060262637,0.07012397053573641,0.20158205718632582
2023-04-09,0.2156905435001954,0.11513548529346274,0.07113529543189687,0.20158205718632582
2023-04-10,0.2042729108927755,0.12724879410510875,0.07337657815395789,0.20014142896450887
2023-04-11,0.19893321969423478,0.13259066356027915,0.08159154675809893,0.206113451440867
2023-04-12,0.19589445095501784,0.13170959494476864,0.08530776385002442,0.18974276702815462
2023-04-13,0.21959749340962237,0.13409580228028012,0.08702653799876241,0.20378226757919643
2023-04-14,0.21807824368349565,0.1348908522143577,0.08833546799558784,0.20142490501076238
2023-04-15,0.21807824368349565,0.13335638935123856,0.08566948250178756,0.20142490501076238
2023-04-16,0.21807824368349565,0.1333275670883204,0.09060102615280499,0.20142490501076238
2023-04-17,0.21816495408573128,0.12534052011440394,0.08751308812538738,0.20676827881737553
2023-04-18,0.2235482024506124,0.134081910953314,0.08864295195158672,0.19961757505680033
2023-04-19,0.2285840033108833,0.11962892627041988,0.08041497288763692,0.1898737404969546
2023-04-20,0.22432947125336428,0.11433649201495605,0.07837169997638577,0.14377391717125126
2023-04-21,0.21725341771440337,0.10544303147542572,0.07489839124935652,0.1492482644466644
2023-04-22,0.21725341771440337,0.11040415310167384,0.07696764841038356,0.1492482644466644
2023-04-23,0.21725341771440337,0.10832903979303249,0.0756751171667331,0.1492482644466644
2023-04-24,0.21859924663605884,0.10772292982998727,0.07533263551388675,0.14262141459379774
2023-04-25,0.21182681414840437,0.11490189590891725,0.07739432401960226,0.13769709993285661
2023-04-26,0.21178332430380492,0.11595822826000829,0.07491714420636383,0.11957148294720044
2023-04-27,0.23197008491122878,0.1256042940081249,0.07898182013532065,0.1364398425608579
2023-04-28,0.2374835335229451,0.12437889972678268,0.08292756843391734,0.14723138493612065
2023-04-29,0.2374835335229451,0.12353667305389882,0.08222279607977849,0.14723138493612065
2023-04-30,0.2374835335229451,0.12372313947251656,0.08087322856446359,0.14723138493612065
2023-05-01,0.237092730817217,0.11291934364860257,0.07762264512149984,0.14073550855205397
2023-05-02,0.23253457770839153,0.1183244500089814,0.07869291312108928,0.13675414691198473
2023-05-03,0.22780246522116793,0.12131413243648775,0.07851228481520994,0.13753994775729317
2023-05-04,0.2205960094701493,0.11985864400770768,0.07663720179955873,0.1390853307736553
2023-05-05,0.25437099025399995,0.12616041311838483,0.08085052993249735,0.16229241459581606
2023-05-06,0.25437099025399995,0.12038093997734173,0.07757507700294312,0.16229241459581606
2023-05-07,0.25437099025399995,0.116254445123805,0.07707508371237821,0.16229241459581606
2023-05-08,0.2540669652722483,0.10927327361658001,0.07251183728271156,0.1668238088503573
2023-05-09,0.24655675382644154,0.10894749959385791,0.07261251066591046,0.15990883335312722
2023-05-10,0.25432756773114124,0.10860776254699828,0.07365094190900055,0.15831105295574688
2023-05-11,0.2551522590567517,0.10290900249670162,0.07088695993044006,0.16758343098890227
2023-05-12,0.25106596402965725,0.101112110061826,0.07348977062108776,0.15684424602716646
2023-05-13,0.25106596402965725,0.10092019465817892,0.07332430162773645,0.15684424602716646
2023-05-14,0.25106596402965725,0.10226521567006566,0.07364973913819522,0.15684424602716646
2023-05-15,0.24889241430405223,0.10467015389161535,0.07385657171290021,0.1525747987102251
2023-05-16,0.24889241430405223,0.10323811043789557,0.07259626592607031,0.15302007653015193
2023-05-17,0.2515875728778883,0.10656166866849648,0.0740919334243899,0.17224579871224344
2023-05-18,0.26184706957718756,0.10136190300711648,0.07132459248833649,0.18018230331812712
2023-05-19,0.26232532322430074,0.10189344791186603,0.07132911021282476,0.18869505921273755
2023-05-20,0.26232532322430074,0.10409100206503089,0.07108139076470725,0.18869505921273755
2023-05-21,0.26232532322430074,0.10064256528607757,0.06848206370901398,0.18869505921273755
2023-05-22,0.25815191386452546,0.10153689787830414,0.06822293260618259,0.21156162000951667
2023-05-23,0.24667510544688426,0.10497330745674868,0.07014985944392407,0.20344178452130607
2023-05-24,0.24789248448696716,0.09679723089033554,0.06699871727748061,0.19592433906109452
2023-05-25,0.2528917969636885,0.09809478837473024,0.06714098159505125,0.20003667416996362
2023-05-26,0.2634990777763024,0.10032562793973526,0.06754969631584173,0.22282465887896102
2023-05-27,0.2634990777763024,0.10169360997077506,0.07161888996928682,0.22282465887896102
2023-05-28,0.2634990777763024,0.11286499719265242,0.07305444092924541,0.22282465887896102
2023-05-29,0.2634990777763024,0.10974692305539324,0.07223901366101718,0.22282465887896102
2023-05-30,0.27162844727285523,0.10934739056755416,0.07480590990877677,0.24375295622046939
2023-05-31,0.2714111326933392,0.10491761667883412,0.07315412422672041,0.2510084147755898
2023-06-01,0.2837572667507852,0.1012496073123515,0.07191490359882523,0.2604117662775452
2023-06-02,0.28749597962978773,0.10519230646690653,0.07481941174446331,0.27730630459796607
2023-06-03,0.28749597962978773,0.10359123693152128,0.07442709577684778,0.27730630459796607
2023-06-04,0.28749597962978773,0.10399446182368943,0.07697798197175365,0.27730630459796607
2023-06-05,0.28154022718058064,0.09152288224636701,0.07027243205654177,0.2868405896012301
2023-06-06,0.2799317088260654,0.1050931313545147,0.07151603106352704,0.2965320267800577
2023-06-07,0.27388897668765927,0.09689982954266355,0.06473248439517754,0.3050710013489228
2023-06-08,0.28584403875241376,0.09838854961040516,0.06579062934512556,0.3320236785803164
2023-06-09,0.28753940215264634,0.09813303881569249,0.059908471387743,0.3570118736821844
2023-06-10,0.28753940215264634,0.09235931937265726,0.05328104290313028,0.3570118736821844
2023-06-11,0.28753940215264634,0.0931754303508448,0.052906816168388646,0.3570118736821844
2023-06-12,0.2998420463654928,0.0928297424387558,0.05151462362916816,0.3712347450830444
2023-06-13,0.29775540900734604,0.09297867538812568,0.0508282155317154,0.39449418631873207
2023-06-14,0.3005377492356038,0.08569146450461693,0.048784073545217715,0.38946515683073696
2023-06-15,0.30949295452736186,0.08983699495717049,0.0498334067322231,0.3871339330015752
2023-06-16,0.30475458111823767,0.09672972800342655,0.05194353243174187,0.3992875674783644
2023-06-17,0.30475458111823767,0.09841111629511534,0.053259587378795145,0.3992875674783644
2023-06-18,0.30475458111823767,0.09681002883543727,0.05244332403817784,0.3992875674783644
2023-06-19,0.30475458111823767,0.10153462149311096,0.054884226377096085,0.3992875674783644
2023-06-20,0.30514572043267013,0.11508443690739878,0.05704590620695627,0.435722172299495
2023-06-21,0.30058110443672154,0.13068398483163884,0.059436853220627965,0.39645866844825756
2023-06-22,0.31379683342093584,0.1296284590737265,0.05707431800024778,0.40994809641733604
2023-06-23,0.31240569696767734,0.13681595711605765,0.059023459428046036,0.38896748162979194
2023-06-24,0.31240569696767734,0.1354689823562492,0.05711370141015366,0.38896748162979194
2023-06-25,0.31240569696767734,0.13484095098303678,0.05833843745060673,0.38896748162979194
2023-06-26,0.30627605246181305,0.13292170732510195,0.05564165662380929,0.34823721081746534
2023-06-27,0.31840487193974304,0.13674892026076296,0.05698599501970838,0.3722300954849344
2023-06-28,0.3235780764731217,0.1312249758387254,0.05455278234657903,0.38802448864142886
2023-06-29,0.32505612529383837,0.13452057217246544,0.0621799993951768,0.39132484419822605
2023-06-30,0.3440970698717201,0.13481332964774023,0.0657438972989579,0.4025092670123975
2023-07-01,0.3440970698717201,0.13584876227335707,0.06492327758115549,0.4025092670123975
2023-07-02,0.3440970698717201,0.13613042461135183,0.06788282715907357,0.4025092670123975
2023-07-03,0.3375329308503056,0.14104639494388677,0.06706360089525293,0.44978785155730033
2023-07-04,0.3375329308503056,0.13756953023645824,0.06668943649924206,0.44978785155730033
2023-07-05,0.3326203960975607,0.13515209878278545,0.06611127044029971,0.45675522443554856
2023-07-06,0.3347071007774483,0.12960144716438715,0.06894327497507567,0.4411965195749082
2023-07-07,0.3297947006681851,0.1335745279953391,0.0756925206735686,0.43566973495098554
2023-07-08,0.3297947006681851,0.13311819342342818,0.07713291205262177,0.43566973495098554
2023-07-09,0.3297947006681851,0.13200493351821524,0.0751708921764446,0.43566973495098554
2023-07-10,0.3207959382100866,0.13423717117806327,0.07503543378147966,0.423044643947506
2023-07-11,0.3184916496637195,0.13613209157058775,0.07803138184419531,0.42351618040917877
2023-07-12,0.32583860588792585,0.13402770789170676,0.07758791878148041,0.42927861336146406
2023-07-13,0.32918597748727324,0.14397952622742127,0.09315329113375598,0.4447587421343228
2023-07-14,0.32983812319104383,0.13349929973820762,0.09588340484659108,0.45387396799191476
2023-07-15,0.32983812319104383,0.13314816284108932,0.0984044051205721,0.45387396799191476
2023-07-16,0.32983812319104383,0.13271982601462495,0.09837644069934842,0.45387396799191476
2023-07-17,0.3441839822391784,0.13177232996977706,0.09641037247265578,0.47744775354622054
2023-07-18,0.34305391949699887,0.12911711484702965,0.09130305560279026,0.485200887302286
2023-07-19,0.34900953730272416,0.12964353340402135,0.09448622520890951,0.4797527587011277
2023-07-20,0.3404454040036576,0.1285247528166077,0.09065193856091795,0.405469099543813
2023-07-21,0.33527226679201977,0.12959599817935785,0.09130214619071794,0.39792547537683803
2023-07-22,0.33527226679201977,0.12833925430980436,0.08742160420449986,0.39792547537683803
2023-07-23,0.33527226679201977,0.13120931000676617,0.08831275469568495,0.39792547537683803
2023-07-24,0.33879339580454276,0.1228798373420611,0.08298602749543686,0.4216040556931803
2023-07-25,0.342575531206404,0.12334305484243008,0.08259317614813359,0.41170306895777115
2023-07-26,0.3464012237746055,0.12451390550060071,0.08989016660495629,0.4092671303015553
2023-07-27,0.34083667796157174,0.12318978421418819,0.08959133673158103,0.3866362977681213
2023-07-28,0.35218301684541437,0.12418603433561409,0.08862052467644851,0.4147414775769684
2023-07-29,0.35218301684541437,0.1245317580962888,0.08985909991513108,0.4147414775769684
2023-07-30,0.35218301684541437,0.12378280944344594,0.08636791097332519,0.4147414775769684
2023-07-31,0.3548783100627321,0.1233680233823834,0.0842913125100047,0.41733456840874766
2023-08-01,0.35122657687292874,0.12745759419262948,0.08535946832671651,0.40067579831916317
2023-08-02,0.33805440505505496,0.12265080072790191,0.08207946833680071,0.3824453865714705
2023-08-03,0.3319248951926724,0.12289602297851326,0.08011972199080432,0.3960920066836037
2023-08-04,0.2920170384593958,0.12193619502017794,0.08072559578207897,0.381790559194962
2023-08-05,0.2920170384593958,0.12164284604323877,0.08010493671066088,0.381790559194962
2023-08-06,0.2920170384593958,0.12164035456653133,0.08223317364495852,0.381790559194962
2023-08-07,0.2783666803161497,0.12291344539117272,0.08178352804694555,0.37547801369322226
2023-08-08,0.28249653250958456,0.12828134091957516,0.08617851857529735,0.3708942220576627
2023-08-09,0.27549749504217463,0.12640920230327518,0.08681974209389906,0.3512232220556443
2023-08-10,0.2745411897131707,0.12519870310929931,0.08772151950518724,0.3594740310126549
2023-08-11,0.2748023980677314,0.12490616072553878,0.08760543012056894,0.35242808204662496
2023-08-12,0.2748023980677314,0.1250736453180183,0.0888507452761423,0.35242808204662496
2023-08-13,0.2748023980677314,0.12385260663984099,0.0862981869364583,0.35242808204662496
2023-08-14,0.28207206893342335,0.12500461886621622,0.0897585438754254,0.3448582791728863
2023-08-15,0.2733223295947888,0.12281955794517446,0.08496662431338156,0.3270470065058482
2023-08-16,0.2694915878960223,0.11851939461812172,0.0807961778932399,0.3077688869427386
2023-08-17,0.25830399367714213,0.09982326378376102,0.07655886034990982,0.2910576795046445
2023-08-18,0.2604370157147457,0.09417931622102885,0.07511893834482945,0.2812876662380353
2023-08-19,0.2604370157147457,0.09460742003168601,0.07720892863431161,0.2812876662380353
2023-08-20,0.2604370157147457,0.09546438047330044,0.07680226009068382,0.2812876662380353
2023-08-21,0.2663137324401758,0.09486379119245597,0.07462971131976581,0.3226465457526157
2023-08-22,0.272364475865745,0.0940150400769712,0.07208533035476432,0.32764943650133854
2023-08-23,0.2892983172762566,0.09768579186026133,0.0765344455693555,0.3372622975923843
2023-08-24,0.2686644729877406,0.09521465922518138,0.07395593964973723,0.31939858757683676
2023-08-25,0.2783719314119372,0.09416198342983367,0.07149386781124854,0.3417936918469256
2023-08-26,0.2783719314119372,0.09380218909926422,0.07106208042610722,0.3417936918469256
2023-08-27,0.2783719314119372,0.09454766043929233,0.0730093003542043,0.3417936918469256
2023-08-28,0.2852499243892698,0.09469869053092678,0.07212593120341218,0.342396161809907
2023-08-29,0.3023576578564388,0.10957721585059915,0.07683105325032824,0.39048664597189936
2023-08-30,0.3177240471743635,0.1056298384556078,0.07319411635599728,0.3897532425076092
2023-08-31,0.3186818335816664,0.09309563139903415,0.06896521820830442,0.39284400854033347
2023-09-01,0.3256032490818577,0.09189572546213823,0.06739930596136687,0.35860965407956474
2023-09-02,0.3256032490818577,0.0925204587654645,0.0680372071923173,0.35860965407956474
2023-09-03,0.3256032490818577,0.09344522680696654,0.06836405282469452,0.35860965407956474
2023-09-04,0.3256032490818577,0.09200302027919541,0.0680589890782429,0.35860965407956474
2023-09-05,0.326647880534878,0.09170536947196994,0.07103116774961685,0.3886793160179373
2023-09-06,0.2970902702075883,0.09145991420555147,0.06852278923512337,0.37670909235845745
2023-09-07,0.27380118913756984,0.09592885267416959,0.06956277527949839,0.37558280845525865
2023-09-08,0.2765000504071535,0.09285869017172393,0.06844210091561041,0.36775105864392016
2023-09-09,0.2765000504071535,0.09276713288379743,0.0678539019879993,0.36775105864392016
2023-09-10,0.2765000504071535,0.0921848263816697,0.06325037740429111,0.36775105864392016
2023-09-11,0.2816367665569827,0.08604000237927062,0.06129066039416802,0.4334433058838602
2023-09-12,0.26831621762223995,0.09219507907718533,0.062023771201915136,0.41746558184503885
2023-09-13,0.25921822291810465,0.09581990882216934,0.06384317473004206,0.427471283407502
2023-09-14,0.2658784300637352,0.09867723827120087,0.06551697698501042,0.43988686482189115
2023-09-15,0.26270064192962966,0.09931064693227115,0.06678793169384839,0.43556502012393156
2023-09-16,0.26270064192962966,0.09893977538871448,0.06667844288072271,0.43556502012393156
2023-09-17,0.26270064192962966,0.09862688893255842,0.0654913007619042,0.43556502012393156
2023-09-18,0.2755860231314136,0.10064674164631385,0.06866588962508306,0.41170306895777115
2023-09-19,0.28037428195051955,0.10483923374615936,0.07012296578207587,0.41489862975253183
2023-09-20,0.2647901068008928,0.1041132281881767,0.07115633658702164,0.4046571199917411
2023-09-21,0.2579991608345001,0.09893382452348512,0.06798078697399217,0.38661007909386663
2023-09-22,0.2617429228440676,0.09904335987714974,0.06782342201564012,0.3582691710216744
2023-09-23,0.2617429228440676,0.09904172876649953,0.06796091925379943,0.3582691710216744
2023-09-24,0.2617429228440676,0.09608147802786854,0.06757789542405182,0.3582691710216744
2023-09-25,0.267358431214937,0.09646374942168387,0.06769267202833991,0.3637959156781057
2023-09-26,0.2494236501612272,0.09571827808165578,0.06622824723508534,0.3562784702178942
2023-09-27,0.242763241050374,0.09696148911010033,0.06663865610255894,0.34679658259564833
2023-09-28,0.2438951214795569,0.10309950188121278,0.06982085029089097,0.36219813528072536
2023-09-29,0.24615888233792255,0.10209160096942821,0.07113987182813175,0.372256274191698
2023-09-30,0.24615888233792255,0.10260731872358278,0.07534831553816584,0.372256274191698
2023-10-01,0.24615888233792255,0.11192986890987755,0.08473553830542542,0.372256274191698
2023-10-02,0.2572156030925588,0.10777290275847967,0.08294838223602403,0.3758709340996221
2023-10-03,0.2513390210106104,0.1068477762311204,0.08364432449229944,0.362591015719634
2023-10-04,0.25682392520419955,0.11023799490686592,0.0820758746923214,0.40091152658250834
2023-10-05,0.26226533955318904,0.10671868547394603,0.08034309266408243,0.39800405146461976
2023-10-06,0.2734964909384096,0.11158891301110346,0.08315122513196015,0.39926134880410974
2023-10-07,0.2734964909384096,0.11179303485818787,0.08262386147160589,0.39926134880410974
2023-10-08,0.2734964909384096,0.11148330307757509,0.08246668719643029,0.39926134880410974
2023-10-09,0.28002609390675975,0.10825831053340873,0.07812929032133564,0.39700878099771203
2023-10-10,0.27741421232637514,0.10649024036145122,0.07807822389988785,0.40735500558555676
2023-10-11,0.2835519354411434,0.10173919144751686,0.07770257070830698,0.40570482780715816
2023-10-12,0.287513415960672,0.10066984605980978,0.07498349461780118,0.39491328543189536
2023-10-13,0.2794166975084393,0.10163874371033202,0.07703927927901498,0.3746136367601321
2023-10-14,0.2794166975084393,0.10163261360217404,0.07771910147291179,0.3746136367601321
2023-10-15,0.2794166975084393,0.10436692862931057,0.07737422894639144,0.3746136367601321
2023-10-16,0.2788507236329774,0.11684626942544118,0.0852987357350162,0.38194771137052547
2023-10-17,0.2720162878219852,0.11589441777742837,0.08520783853159469,0.3843836899942325
2023-10-18,0.2663137324401758,0.11509226982337839,0.08318077369034205,0.3525066581344067
2023-10-19,0.2646595699453533,0.11868483584121525,0.08897067032619463,0.29338886336631514
2023-10-20,0.25342848588187356,0.12752382445474547,0.09702908070849937,0.2721200829669164
2023-10-21,0.25342848588187356,0.12968472342901255,0.10607491458419303,0.2721200829669164
2023-10-22,0.25342848588187356,0.1303774614994479,0.10473086954702696,0.2721200829669164
2023-10-23,0.253950902590995,0.15875658212521582,0.11555217648058008,0.2723558112302615
2023-10-24,0.25586634076211917,0.166238719693572,0.1090176107029,0.283985551831851
2023-10-25,0.2456798881516598,0.17175692834189454,0.1179056982538887,0.2732463668701152
2023-10-26,0.22735329456610892,0.16858002667547034,0.11910701693347966,0.25580175596773097
2023-10-27,0.23314296428059905,0.16631464699812498,0.11512426876468275,0.25983551498881835
2023-10-28,0.23314296428059905,0.16796447061008818,0.11479212800717481,0.25983551498881835
2023-10-29,0.23314296428059905,0.17208419008092396,0.11928818061904672,0.25983551498881835
2023-10-30,0.24215391197379438,0.1717527340573654,0.1275156756410871,0.23379957210404206
2023-10-31,0.24424351148853923,0.173270814116811,0.14119342389187547,0.2429147579941427
2023-11-01,0.2581734568216026,0.18033244777468244,0.15250585001432013,0.25553984899762233
2023-11-02,0.27384461166042845,0.1757528984948281,0.1476841765427813,0.2891979521696642
2023-11-03,0.26983970861804124,0.1738631402986472,0.14503947422506053,0.29299598292740653
2023-11-04,0.26983970861804124,0.17707399057574735,0.155908972664478,0.29299598292740653
2023-11-05,0.26983970861804124,0.17677261151560714,0.15164861179267042,0.29299598292740653
2023-11-06,0.28107079268152096,0.17666262805462102,0.1550707147528537,0.2911886529734445
2023-11-07,0.292345433911341,0.18039034324061876,0.15877722900468502,0.29881081326070996
2023-11-08,0.2970032905183892,0.18233330073800674,0.15915152541212577,0.29862748237838305
2023-11-09,0.2949137583253852,0.19185787562912138,0.16782202145687652,0.2668552452805936
2023-11-10,0.3133517693920696,0.19755550644896785,0.21088351915336304,0.27908741587767344
2023-11-11,0.3133517693920696,0.19594106539110945,0.20880257898079407,0.27908741587767344
2023-11-12,0.3133517693920696,0.1951744792340928,0.20900036143858583,0.27908741587767344
2023-11-13,0.3063775063252983,0.19010713824835906,0.19266999018428554,0.302818393575034
2023-11-14,0.31788494613503365,0.1812537205790769,0.2116314812469685,0.3387029258142012
2023-11-15,0.3203693203382177,0.2027554513532765,0.24506867098214935,0.35292575724756997
2023-11-16,0.32777949167709736,0.18691725939390452,0.21560358782772568,0.3286971443167556
2023-11-17,0.32769237734441653,0.19097280989630322,0.21769737711280024,0.3305568716517359
2023-11-18,0.32769237734441653,0.1908720395218469,0.21806954666942668,0.3305568716517359
2023-11-19,0.32769237734441653,0.19822157317162825,0.22914666975212825,0.3305568716517359
2023-11-20,0.3353638916813387,0.19905128868809618,0.21046048119243357,0.3339619820030783
2023-11-21,0.3318332029816126,0.18378821558941533,0.1930292079528498,0.34863009125637384
2023-11-22,0.3347536874221277,0.19864182614201292,0.2145160189968573,0.33032114338839075
2023-11-23,0.3347536874221277,0.19733206221418087,0.21071247634408463,0.33032114338839075
2023-11-24,0.3289127858628384,0.2012843329411229,0.21173939325690427,0.3335690615966785
2023-11-25,0.3289127858628384,0.20198649918960238,0.21935290311870242,0.3335690615966785
2023-11-26,0.3289127858628384,0.19907114880458454,0.2147242010217341,0.3335690615966785
2023-11-27,0.32812821829478406,0.19700670045019458,0.20481119873127848,0.3352192393750771
2023-11-28,0.3307870231285524,0.2023012139236301,0.21684543401628123,0.363088690920579
2023-11-29,0.32629753819541046,0.20255272760103515,0.22090494683153716,0.35633086759891236
2023-11-30,0.3288255368866759,0.20121518101927083,0.22087223733280714,0.345696477399213
2023-12-01,0.33444858529252225,0.2101722011012811,0.22303462855759487,0.3424223405166706
2023-12-02,0.33444858529252225,0.21740002880254616,0.2385260525072483,0.3424223405166706
2023-12-03,0.33444858529252225,0.22200753997926143,0.23547729253862346,0.3424223405166706
2023-12-04,0.32655901583693464,0.24037768169938573,0.22965828738248847,0.33390958462206016
2023-12-05,0.34395084705055884,0.2596549360325454,0.227613518341699,0.34213421487230716
2023-12-06,0.33915612534432976,0.25658787443276443,0.23110536734065415,0.3438367500642327
2023-12-07,0.34765589905912825,0.2524234159269513,0.2539256111696613,0.3524019033398614
2023-12-08,0.353932708890526,0.2604437483127079,0.28147431373279497,0.3555450667536039
2023-12-09,0.353932708890526,0.256400099540768,0.27092014659548425,0.3555450667536039
2023-12-10,0.353932708890526,0.2568930534429909,0.2803340576734789,0.3555450667536039
2023-12-11,0.3429047345192395,0.23362079686871207,0.26365121590147345,0.34480592175935937
2023-12-12,0.3495738954564052,0.23551489274376497,0.25662814916159393,0.3376551780312929
2023-12-13,0.3637401400999089,0.24873488324514448,0.26519161327260793,0.3436272005076511
2023-12-14,0.3643939015254602,0.24995757095826487,0.28385019677552686,0.37443030587780507
2023-12-15,0.36203999685607474,0.23991570097522402,0.27134842100979784,0.38084760617409014
2023-12-16,0.36203999685607474,0.24276394280777575,0.2755954047233804,0.38084760617409014
2023-12-17,0.36203999685607474,0.23472970117076014,0.2660865040876388,0.38084760617409014
2023-12-18,0.35471727645858026,0.24628269658761703,0.27895471424676405,0.37712819147162085
2023-12-19,0.35929394304614387,0.24304302404759875,0.27373539301263733,0.39059144073393587
2023-12-20,0.35009691806119453,0.2557234216367347,0.30911604035016443,0.3641887961170143
2023-12-21,0.34944302199216143,0.2577139860559577,0.3539638140398533,0.3834669156801241
2023-12-22,0.344735481940354,0.2588955554412583,0.36991672061239644,0.3783330514626014
2023-12-23,0.344735481940354,0.25652452998179887,0.4067934094806277,0.3783330514626014
2023-12-24,0.344735481940354,0.24988547945238382,0.42559978711323443,0.3783330514626014
2023-12-25,0.344735481940354,0.2553645055965154,0.45890324926997506,0.3783330514626014
2023-12-26,0.342338087426369,0.2453361863788764,0.4263362055406962,0.3889936203690642
2023-12-27,0.34277392837673654,0.25380175819926387,0.4046000249056981,0.4016449300467985
2023-12-28,0.3446482329641914,0.24632230927483661,0.38568504587013297,0.38000940794776344
2023-12-29,0.3400714990548869,0.24147256920441762,0.401861227774366,0.367698661262902
2023-12-30,0.3400714990548869,0.24200026038620237,0.38468730348331065,0.367698661262902
2023-12-31,0.3400714990548869,0.24299401903092077,0.3833827958693853,0.367698661262902
2024-01-01,0.3400714990548869,0.26045045199823735,0.4141546895037884,0.367698661262902
2024-01-02,0.31003893384578646,0.2677063132935348,0.40301362888522846,0.36754150908733857
2024-01-03,0.3039801118113134,0.24834424120656373,0.37218819728205194,0.34142699011478045
2024-01-04,0.293780531461385,0.2605659919900099,0.3971164436267477,0.3400649379807453
2024-01-05,0.29059843473586405,0.2604078638784031,0.37751119149242257,0.3389124753707829
2024-01-06,0.29059843473586405,0.25881564894369047,0.3539749910075808,0.3389124753707829
2024-01-07,0.29059843473586405,0.2583925997836197,0.3363590924493805,0.3389124753707829
2024-01-08,0.30969020722809976,0.28617582729327234,0.36909675361777494,0.34666560912684835
2024-01-09,0.30785952712872616,0.27855162177971143,0.37532100452768263,0.33228562551791624
2024-01-10,0.3124362610380306,0.28303054407945233,0.38540993405032115,0.32961391863086403
2024-01-11,0.3098210133706027,0.28065188287123477,0.37724452840412126,0.31201215555291634
2024-01-12,0.3112593423642083,0.2483900556991127,0.3457587169570779,0.29019330257155435
2024-01-13,0.3112593423642083,0.24829107775394232,0.3611743076742496,0.29019330257155435
2024-01-14,0.3112593423642083,0.23869064725544614,0.3550340160337278,0.29019330257155435
2024-01-15,0.3112593423642083,0.24525878928230888,0.3564070522476831,0.29019330257155435
2024-01-16,0.30127774981120464,0.2511595381888396,0.3684679685094526,0.29286500945860655
2024-01-17,0.297136722208786,0.2473758275119487,0.38552751223050946,0.28144481841359875
2024-01-18,0.32307181698180815,0.23378806636967725,0.3554870205892337,0.271831957322553
2024-01-19,0.33584335711978747,0.23705835360189964,0.35216182868649853,0.2726439368746249
2024-01-20,0.33584335711978747,0.23749133282021456,0.34902294891509467,0.2726439368746249
2024-01-21,0.33584335711978747,0.23639189254479637,0.3424039544940558,0.2726439368746249
2024-01-22,0.3459994476251162,0.21768484581608422,0.31462062361626497,0.26376447924786933
2024-01-23,0.3516223613874809,0.2207884371247129,0.3171264645777179,0.2646550348877231
2024-01-24,0.3486584544241072,0.22291318280028233,0.33426606589701174,0.2612237458296171
2024-01-25,0.3472199234652789,0.22159840007044962,0.32718030839588913,0.195217154271059
2024-01-26,0.3395919662946973,0.23887971269652852,0.3485328051439904,0.19684111337520288
2024-01-27,0.3395919662946973,0.24166210067711436,0.3551496580462783,0.19684111337520288
2024-01-28,0.3395919662946973,0.24088698255669655,0.3619738275651806,0.19684111337520288
2024-01-29,0.3365843675215014,0.252382871176503,0.3836167494589565,0.21695739119714802
2024-01-30,0.3205001938024616,0.2493026531457631,0.3832565049348267,0.21868614506332845
2024-01-31,0.30463394055860554,0.2459070392578669,0.36616780135570925,0.20742310619388404
2024-02-01,0.3153567454785457,0.2504329590534855,0.3693130470116193,0.2115354413027532
2024-02-02,0.3109543748780846,0.25144324389622036,0.3792865985445671,0.20904710526551912
2024-02-03,0.3109543748780846,0.2496664445936403,0.36944103942682927,0.20904710526551912
2024-02-04,0.3109543748780846,0.24591600140429665,0.360201148749253,0.20904710526551912
2024-02-05,0.31893112598809387,0.24660508291898864,0.36047684728653084,0.19110481916218985
2024-02-06,0.325992436065805,0.2505146221317535,0.3655232335475513,0.20168685194836228
2024-02-07,0.32647183418251297,0.26183521116739367,0.3813581805735532,0.20818272833242896
2024-02-08,0.32172073696436515,0.2708595907419701,0.3883038299437928,0.21336894996347872
2024-02-09,0.3250813709466632,0.28779740221968886,0.40425218945597435,0.22387240666186942
2024-02-10,0.3250813709466632,0.29352471566851074,0.41270426525606646,0.22387240666186942
2024-02-11,0.3250813709466632,0.29832111304337977,0.4064129525397939,0.22387240666186942
2024-02-12,0.3176617072423214,0.3135948331720192,0.4237062151634356,0.2096233565542459
2024-02-13,0.30845276630923874,0.31161455729689763,0.4259615864386492,0.19885799288574663
2024-02-14,0.3045684365047428,0.33074225133043733,0.4428686129544168,0.21114256086384459
2024-02-15,0.30330292241994056,0.3317688114310887,0.4302685033413846,0.2418932288854891
2024-02-16,0.2965379626455223,0.3338029318819603,0.41775845485938484,0.24058357413247217
2024-02-17,0.2965379626455223,0.3292399446487082,0.4121372908327883,0.24058357413247217
2024-02-18,0.2965379626455223,0.33345735151562844,0.42440572906228535,0.24058357413247217
2024-02-19,0.2965379626455223,0.3303058664964791,0.4217551155660945,0.24058357413247217
2024-02-20,0.29326477960460934,0.3349470753437702,0.41012100692497355,0.22437004189532322
2024-02-21,0.29658172177708525,0.3308568234103955,0.39729979283487565,0.22701557007561196
2024-02-22,0.305528579172976,0.32595427837321234,0.38401328245835903,0.23393054557284193
2024-02-23,0.2974544808256742,0.3206955059397387,0.3774185488045397,0.21968149546521848
2024-02-24,0.2974544808256742,0.328396606669667,0.39348659867978714,0.21968149546521848
2024-02-25,0.2974544808256742,0.3298845739171085,0.3908718042848962,0.21968149546521848
2024-02-26,0.29151892489872705,0.3554813961837549,0.4157306126174897,0.23914294591065516
2024-02-27,0.2979346194815317,0.37900237024575273,0.4098458657692884,0.24000732284374532
2024-02-28,0.2926535655192854,0.4287376584634079,0.44700546979962946,0.24605792140788524
2024-02-29,0.2897294457047636,0.4167484574555213,0.4764563983951856,0.24563886226221315
2024-03-01,0.2849722222081969,0.42814888129155787,0.4929091882487688,0.2476295230985021
2024-03-02,0.2849722222081969,0.42437900816875446,0.49179325162841886,0.2476295230985021
2024-03-03,0.2849722222081969,0.43481833142166265,0.4946797255459454,0.2476295230985021
2024-03-04,0.26507063649508206,0.4822008052614037,0.5052296096457544,0.20964953526100943
2024-03-05,0.243335677812959,0.4406351229404393,0.47643791679500636,0.19026666090335442
2024-03-06,0.23897120935260557,0.4617942129323361,0.495799241142838,0.1792655290040187
2024-03-07,0.23844751353040766,0.46930743122451074,0.5466925222664148,0.1847922736604501
2024-03-08,0.24599805069899322,0.4819225485390523,0.5515457318017517,0.17612236559027622
2024-03-09,0.24599805069899322,0.4837468830662958,0.5491126144702105,0.17612236559027622
2024-03-10,0.24599805069899322,0.4885273636691056,0.5487585891512204,0.17612236559027622
2024-03-11,0.2548140346306402,0.5170145857051094,0.565045631320656,0.18248730847303424
2024-03-12,0.25690901988465437,0.5111171348684647,0.573752811874969,0.18188483851005272
2024-03-13,0.2477439054048755,0.5258210058785138,0.6230639506797048,0.16077321028621744
2024-03-14,0.2559052527283398,0.5103398658329039,0.6724349346659735,0.14249044112499776
2024-03-15,0.254246714320361,0.49205127964529044,0.6966012403734361,0.14529312148084994
2024-03-16,0.254246714320361,0.4545287083674802,0.6924317913729866,0.14529312148084994
2024-03-17,0.254246714320361,0.48275337536167745,0.7702692507185942,0.14529312148084994
2024-03-18,0.25904756230500897,0.47502585422407423,0.7466955883235478,0.17208864653668
2024-03-19,0.26934772133579127,0.4233045902061681,0.6468131589405812,0.16559277015261326
2024-03-20,0.2806515802011473,0.4783762630453788,0.729611255789552,0.17696056381660286
2024-03-21,0.24879116240578952,0.4561464116466391,0.6822053646121887,0.16952173441166424
2024-03-22,0.2527627411864481,0.44042920866406904,0.6635295022798958,0.1643092941063598
2024-03-23,0.2527627411864481,0.44303041789243064,0.6579100397339507,0.1643092941063598
2024-03-24,0.2527627411864481,0.4721403298623747,0.6989420083758273,0.1643092941063598
2024-03-25,0.24652181384293198,0.49714500519011345,0.7201289041191473,0.16902405921071922
2024-03-26,0.24154626594073642,0.4974113601820061,0.7263438262213455,0.18222536153543434
2024-03-27,0.2572582177545271,0.4925245526739536,0.7096622165560187,0.18788307966066564
2024-03-28,0.24927130106164702,0.5043596047632481,0.7221979045912831,0.17730104687449322
2024-03-29,0.24927130106164702,0.4965394508801469,0.732219508284697,0.17730104687449322
2024-03-30,0.24927130106164702,0.4942678693974721,0.7405156932540704,0.17730104687449322
2024-03-31,0.24927130106164702,0.5097622017226267,0.773155255262148,0.17730104687449322
2024-04-01,0.242942855455005,0.49478953801685605,0.7335263627684864,0.17580806123914933
2024-04-02,0.2377491851124029,0.45573877737842755,0.6897091289719698,0.1533082021745153
2024-04-03,0.24128445169050788,0.46063795264855306,0.7053831687329186,0.1578919938100748
2024-04-04,0.23766207077972207,0.4838382969598795,0.7004210644358905,0.16504269757065
2024-04-05,0.24097908027393894,0.4776785061729428,0.6640593668234489,0.14877676795248285
2024-04-06,0.24097908027393894,0.4873923257480683,0.6810310496039709,0.14877676795248285
2024-04-07,0.24097908027393894,0.4916730053687827,0.6838553314701005,0.14877676795248285
2024-04-08,0.23604708953808368,0.5124943658346202,0.6882192186387854,0.16994079355733632
2024-04-09,0.24137176798841126,0.4896215342024231,0.6560311943925486,0.1801561246113636
2024-04-10,0.23312296972356178,0.5029181331314843,0.6599675992154992,0.16674523276257558
2024-04-11,0.26480855295789013,0.49807921933395244,0.6566569872417943,0.17418410213500546
2024-04-12,0.2713989474582425,0.4717887986308134,0.5838271027968306,0.16488554539508654
2024-04-13,0.2713989474582425,0.44082117710032137,0.5288659334661706,0.16488554539508654
2024-04-14,0.2713989474582425,0.45841627239719934,0.5747890722634349,0.16488554539508654
2024-04-15,0.2545522877021525,0.4371937662571656,0.5256626907887455,0.13981873423794555
2024-04-16,0.24010611926012743,0.44073298957945245,0.5170908072820942,0.12837236448617423
2024-04-17,0.23408311239179508,0.41746711405343156,0.5001217647301693,0.12402430111395996
2024-04-18,0.2298932765272484,0.4379879916737716,0.539404259231899,0.1095657014497548
2024-04-19,0.22098997629769807,0.4410239725497342,0.5417040156834162,0.102022117250271
2024-04-20,0.22098997629769807,0.4515857904200444,0.5742069898654069,0.102022117250271
2024-04-21,0.22098997629769807,0.45096360236630423,0.5645009814969594,0.102022117250271
2024-04-22,0.22465598169656514,0.46850162671471735,0.596884147972391,0.08892556972010107
2024-04-23,0.2292822644071471,0.46455168614584713,0.587925382968653,0.09581432654307642
2024-04-24,0.238534897150052,0.44500072786072226,0.5611781657999616,0.1415213093973624
2024-04-25,0.24233191065664456,0.44688030505855897,0.5502079573075036,0.16260671894694295
2024-04-26,0.23975692139025456,0.44021408130116885,0.5279532944477929,0.15765622557923836
2024-04-27,0.23975692139025456,0.4371288803170141,0.536354208484849,0.15765622557923836
2024-04-28,0.23975692139025456,0.4343214700235964,0.5231548843237813,0.15765622557923836
2024-04-29,0.2580874869585165,0.4410014954864883,0.5228482071042982,0.2251296640338682
2024-04-30,0.2442522633148519,0.411595187409819,0.4812673642729698,0.1969196894629846
2024-05-01,0.23975692139025456,0.389727263332499,0.5107411748497004,0.18830217877382893
2024-05-02,0.2560361261925836,0.39770615475316445,0.5229936543641219,0.18835453618735593
2024-05-03,0.30120793716592636,0.43227132525490836,0.5459030939158992,0.19144534218757148
2024-05-04,0.30120793716592636,0.4414635837564071,0.5549871817703766,0.19144534218757148
2024-05-05,0.30120793716592636,0.4427452782416211,0.5533644386028878,0.19144534218757148
2024-05-06,0.293919416212792,0.4347685735846846,0.5806238601194055,0.20079625634101733
2024-05-07,0.2969307850034764,0.42717777895301395,0.5626745886970187,0.18259206326757943
2024-05-08,0.2984146234939075,0.4166526341858942,0.5402207352575977,0.1744984064861323
2024-05-09,0.30640160750852846,0.4337408304807045,0.580806681281814,0.16729530534453885
2024-05-10,0.3008512665828175,0.4130261195573815,0.5553018970191441,0.15812772207341996
2024-05-11,0.3008512665828175,0.41303468736936827,0.5518315805511915,0.15812772207341996
2024-05-12,0.3008512665828175,0.4190428744872991,0.5449351274404768,0.15812772207341996
2024-05-13,0.31496749117285755,0.4323779031002511,0.5593985930538083,0.1670857557879572
2024-05-14,0.3199932610937393,0.4200009279406413,0.539204305919483,0.18191105718430745
2024-05-15,0.33000137841264426,0.46326888035447583,0.6013275940294668,0.17258632173762506
2024-05-16,0.33052581477399173,0.4537620863618778,0.6049021115193827,0.1748127108372592
2024-05-17,0.3306568902034582,0.47046734806403695,0.6449454612310334,0.18167532892096228
2024-05-18,0.3306568902034582,0.46944802937770086,0.656513828180088,0.18167532892096228
2024-05-19,0.3306568902034582,0.4633686828171177,0.6471018239338578,0.18167532892096228
2024-05-20,0.3357703130309477,0.5108134256502528,0.7102736934990936,0.1751008364816226
2024-05-21,0.34149548851768813,0.4987759724459883,0.6779580582039998,0.2056158162074132
2024-05-22,0.33515842572821514,0.48946846074140266,0.673131016267647,0.18861648312495582
2024-05-23,0.31758980762307637,0.47852209509208393,0.6697665436305625,0.17193149436111654
2024-05-24,0.33113770207672427,0.4839966760115864,0.6382794707409672,0.18633769664430344
2024-05-25,0.33113770207672427,0.49078639814677866,0.6407430973807409,0.18633769664430344
2024-05-26,0.33113770207672427,0.48392318641086224,0.6211840492468639,0.18633769664430344
2024-05-27,0.33113770207672427,0.4919666769829934,0.646735712235068,0.18633769664430344
2024-05-28,0.33118146120828723,0.48188698674201896,0.6415629176959958,0.17981560158598203
2024-05-29,0.3324924174681741,0.47529658274342473,0.6393397865455395,0.17834879465740155
2024-05-30,0.3368627429199829,0.482518136942189,0.6351249842849674,0.18515897539259518
2024-05-31,0.34105836845424403,0.47450110262631845,0.6299770665664541,0.18329928802510614
2024-06-01,0.34105836845424403,0.4764790124947826,0.6314880400566681,0.18329928802510614
2024-06-02,0.34105836845424403,0.47688890522389443,0.6207957009561123,0.18329928802510614
2024-06-03,0.3488375302548112,0.48655418581395643,0.6272307007798106,0.17861070162751025
2024-06-04,0.35023613942130577,0.502733512915031,0.6536791614148101,0.17462937995493227
2024-06-05,0.35687904487953365,0.5074602923364335,0.660142734379103,0.17523180995042253
2024-06-06,0.35080426759247524,0.5044716674422061,0.6468129242535948,0.18293258629296105
2024-06-07,0.36133668662924595,0.4914897473985869,0.617939325644592,0.18172768633448927
2024-06-08,0.36133668662924595,0.49115191032677036,0.6004896441445121,0.18172768633448927
2024-06-09,0.36133668662924595,0.49429253322444683,0.6163111260046691,0.18172768633448927
2024-06-10,0.3448604984131424,0.49304708165939487,0.6041775741206076,0.17206242786242526
2024-06-11,0.40617639945489586,0.47303840863180885,0.5676527103808688,0.16386401628643293
2024-06-12,0.4320488176871718,0.4813819518664087,0.5897566455235618,0.1812300111335442
2024-06-13,0.4371621058711796,0.46775568934307493,0.5595219797369102,0.19479805515789567
2024-06-14,0.42951395217833804,0.46091585088504733,0.5432956628252066,0.18311591717528797
2024-06-15,0.42951395217833804,0.4625668933489249,0.5522077837903967,0.18311591717528797
2024-06-16,0.42951395217833804,0.4666787261309025,0.5741760111832016,0.18311591717528797
2024-06-17,0.4477819758493354,0.4653136119867202,0.5442178653382802,0.20781602660028387
2024-06-18,0.4373804975985494,0.45292846334956655,0.521799801664286,0.20105820327861723
2024-06-19,0.4373804975985494,0.45127243793227395,0.5145156456520322,0.20105820327861723
2024-06-20,0.41723325485301394,0.4500643405935412,0.5063000169907419,0.19244069258946161
2024-06-21,0.4076622575975531,0.4433424081339437,0.5105886283085379,0.1962124647054579
2024-06-22,0.4076622575975531,0.44477753456603536,0.5070585840025456,0.1962124647054579
2024-06-23,0.4076622575975531,0.4349415430107791,0.48752611416987884,0.1962124647054579
2024-06-24,0.4105030330968826,0.40829650809770707,0.5015645029790866,0.1950861808022591
2024-06-25,0.4145673812364547,0.42231222965629284,0.5181669644582487,0.2075802983369387
2024-06-26,0.43283553955093373,0.41319589845934696,0.5183589970848737,0.23120644130477158
2024-06-27,0.4365502858901879,0.4204782518594908,0.5677272821707987,0.2339567242796055
2024-06-28,0.42134149676763083,0.4086885840797166,0.5302567472193459,0.23516162423807724
2024-06-29,0.42134149676763083,0.413894300606326,0.5314362253412647,0.23516162423807724
2024-06-30,0.42134149676763083,0.43032994509529193,0.5563615674345037,0.23516162423807724
2024-07-01,0.44813157764965333,0.4319239166107048,0.5567559589151553,0.26654094092946684
2024-07-02,0.4635152013332398,0.4243713724199963,0.5840771031090972,0.32259414837159756
2024-07-03,0.4691093013905138,0.40734673566766594,0.5342095801313447,0.36222431398748883
2024-07-04,0.4691093013905138,0.3780142756775779,0.4835287200663366,0.36222431398748883
2024-07-05,0.49004313135632943,0.3751204344439915,0.5097466887448143,0.3756613845430404
2024-07-06,0.49004313135632943,0.39018178755083116,0.5438599090122679,0.3756613845430404
2024-07-07,0.49004313135632943,0.36765690229162357,0.4997676807394327,0.3756613845430404
2024-07-08,0.49651126957526887,0.37551251042600103,0.5293350727519918,0.37938079924550966
2024-07-09,0.500269775046086,0.38748081170841336,0.5365821482203936,0.40397607394097784
2024-07-10,0.5190622350784309,0.3850329627297579,0.5389905060748692,0.4064120925321762
2024-07-11,0.49541870504275193,0.381384257826685,0.5155677474120803,0.3481848134364471
2024-07-12,0.5083985386469712,0.3864735022982932,0.5295823741639147,0.36704383388639344
2024-07-13,0.5083985386469712,0.39870206431302596,0.5387989428222171,0.36704383388639344
2024-07-14,0.5083985386469712,0.4129803767620039,0.560705858239824,0.36704383388639344
2024-07-15,0.5252680204732147,0.4504451601196349,0.6080455676870214,0.3785949984002012
2024-07-16,0.5271037497031532,0.452528357284356,0.6104214800656266,0.38886268686775555
2024-07-17,0.5011438805294923,0.4435497563537428,0.5913198368682506,0.36775105864392016
2024-07-18,0.48060314220859407,0.4422215662528512,0.6047327848586923,0.3696631433924275
2024-07-19,0.4811713377015045,0.4673313137853325,0.6436201251470647,0.34339147224430594
2024-07-20,0.4811713377015045,0.4714931194958026,0.6617149025010218,0.34339147224430594
2024-07-21,0.4811713377015045,0.48058661514364537,0.7026646720259105,0.34339147224430594
2024-07-22,0.4796417204272844,0.475362257352462,0.6812730705586998,0.3756351658687856
2024-07-23,0.4842306395716857,0.4601502684884308,0.6573537142326805,0.36219813528072536
2024-07-24,0.4559545659035243,0.4550519543246358,0.6776356569564277,0.28259732099105234
2024-07-25,0.45136571408086384,0.4587695960580465,0.6542987937306626,0.2937555650984602
2024-07-26,0.4534197677164315,0.4783614934280625,0.6972627056446151,0.2925768838142431
2024-07-27,0.4534197677164315,0.4774554562725986,0.7009105041460355,0.2925768838142431
2024-07-28,0.4534197677164315,0.481516670851541,0.7039891867054269,0.2925768838142431
2024-07-29,0.4546434076784149,0.468338587346867,0.6958933657506956,0.3247943987319594
2024-07-30,0.45709082224586345,0.4626588091227087,0.6817687294739845,0.29996331583816355
2024-07-31,0.47142550588501414,0.44814256961031324,0.6537723321484123,0.3247158226441777
2024-08-01,0.4551677767180214,0.45491766552253216,0.637799594525518,0.2848761074717047
2024-08-02,0.461723365878346,0.418737014353944,0.5799926107977259,0.2608046467164538
2024-08-03,0.461723365878346,0.41199199540514336,0.5426326134168694,0.2608046467164538
2024-08-04,0.461723365878346,0.3884696590968883,0.5239187904645256,0.2608046467164538
2024-08-05,0.4154416213633427,0.35060878471564716,0.4924243249348586,0.2377809337441112
2024-08-06,0.4065260685769548,0.36935659128632187,0.5471251090541036,0.2423909040864342
2024-08-07,0.41784520947748743,0.3601164390743024,0.5492081320736769,0.2191314228832552
2024-08-08,0.43309762308812577,0.4214449448219913,0.6195684640324604,0.2376761389820748
2024-08-09,0.4459028240965381,0.41382762223688846,0.5946770342087566,0.24071454760127203
2024-08-10,0.4459028240965381,0.4144305596000975,0.585071765229223,0.24071454760127203
2024-08-11,0.4459028240965381,0.39399901665536946,0.5372681382816519,0.24071454760127203
2024-08-12,0.4526409898180917,0.3998268495385476,0.5562144773657751,0.23414009512942363
2024-08-13,0.46900502001391214,0.4113447491899855,0.557208259409702,0.2612237458296171
2024-08-14,0.47097384432554307,0.3941622352661484,0.5464833574897825,0.24432920750919612
2024-08-15,0.4840999680726645,0.38335904886819155,0.5419551894306148,0.27775158241789294
2024-08-16,0.48991932667487664,0.3956015559827691,0.5288231617628985,0.2829378040489427
2024-08-17,0.48991932667487664,0.400969021328143,0.5383126713863885,0.2829378040489427
2024-08-18,0.48991932667487664,0.3918375978766094,0.5413440645180194,0.2829378040489427
2024-08-19,0.48921911324812767,0.4011019120354035,0.5480991773911724,0.3002252627757635
2024-08-20,0.4919319774398115,0.39669077941125747,0.5435775218958776,0.2959819941655856
2024-08-21,0.4914506943143592,0.4165356244021072,0.5418159613759308,0.3016658909975804
2024-08-22,0.48326867921644906,0.40925552946286364,0.5439243305900358,0.2686363965277922
2024-08-23,0.4933757594944272,0.4433254876014843,0.5817954175555331,0.2939389359482784
2024-08-24,0.4933757594944272,0.44410221890825946,0.6111131026145585,0.2939389359482784
2024-08-25,0.4933757594944272,0.44552056820223457,0.604104879826569,0.2939389359482784
2024-08-26,0.4948635026458286,0.4321871169270542,0.5976749257730785,0.2753156437616771
2024-08-27,0.4985825575764982,0.4011999220687595,0.5579173074673743,0.2648384057375412
2024-08-28,0.4918443918549446,0.39682689649123276,0.5463600294784273,0.2557755772609675
2024-08-29,0.5062832222272153,0.4001357926502746,0.5316049652844891,0.25716380810176614
2024-08-30,0.5028267220859239,0.397669840135831,0.5240914614147723,0.2776730063301112
2024-08-31,0.5028267220859239,0.3962971260914763,0.5136106926324593,0.2776730063301112
2024-09-01,0.5028267220859239,0.3812059828099041,0.48791111817107424,0.2776730063301112
2024-09-02,0.5028267220859239,0.39760563531880816,0.5121807448243011,0.2776730063301112
2024-09-03,0.4755680145657319,0.38217450405027625,0.4836316303098747,0.26847924435222875
2024-09-04,0.46716727113174755,0.38713494455339575,0.5068035379200713,0.2915553547055895
2024-09-05,0.4738615430782564,0.3705145006050479,0.4903658267053645,0.3197391106022183
2024-09-06,0.4670359264153176,0.35021688797656625,0.47368236888001974,0.2688197274101191
2024-09-07,0.4670359264153176,0.3519691309979288,0.4841852569108012,0.2688197274101191
2024-09-08,0.4670359264153176,0.3584104407285174,0.4929057852874659,0.2688197274101191
2024-09-09,0.46742982592112553,0.3783981781820434,0.512270160566121,0.2833307244553425
2024-09-10,0.46392943200478937,0.38417227403522874,0.5146141555145752,0.3092618725780824
2024-09-11,0.4750866641185388,0.3813682693574543,0.5025488388718106,0.31439573679560523
2024-09-12,0.4755680145657319,0.38856175411360055,0.5165624095322061,0.31879615758134644
2024-09-13,0.47438665265701246,0.4109935764442815,0.5279386851828893,0.3200534149533452
2024-09-14,0.47438665265701246,0.40579761073298765,0.5205531443925091,0.3200534149533452
2024-09-15,0.47438665265701246,0.3982513041961943,0.49871141328537594,0.3200534149533452
2024-09-16,0.44734667347289475,0.3891628273503523,0.49860838569834465,0.31085965297546286
2024-09-17,0.44940308336939255,0.4085821496287166,0.49885633249948025,0.313714690744842
2024-09-18,0.4664671923484803,0.42089011626081724,0.5082952084056536,0.3119597581718982
2024-09-19,0.5022578533756048,0.4327358870772418,0.5423029955444653,0.3557546163101856
2024-09-20,0.49932639549132846,0.4350533189010512,0.5566472988404503,0.34090313620707186
2024-09-21,0.49932639549132846,0.4369058662652557,0.5680297350245266,0.34090313620707186
2024-09-22,0.49932639549132846,0.439235701699724,0.5498677785207113,0.34090313620707186
2024-09-23,0.4917570082353003,0.4363089873130332,0.5499113716284358,0.37168002290297114
2024-09-24,0.49569479150204404,0.44523080408386734,0.5809689673329123,0.3828644856846339
2024-09-25,0.4913193495979294,0.43459599849303304,0.562248162442723,0.39006754685873607
2024-09-26,0.4963511784754891,0.4532980622683302,0.5912890342012852,0.3827335122158339
2024-09-27,0.4975324057407268,0.45889291519292014,0.5996477045807885,0.3990779779542915
2024-09-28,0.4975324057407268,0.45978296387915324,0.5964273884251026,0.3990779779542915
2024-09-29,0.4975324057407268,0.4574671452417011,0.6030284292916815,0.3990779779542915
2024-09-30,0.5203282204154189,0.43630622697193283,0.5799166308858777,0.40214260524774353
2024-10-01,0.49061933813640296,0.4134320330934785,0.551737412397897,0.39268685636477
2024-10-02,0.49311327202679006,0.41155783318349964,0.5328797263228877,0.36911311077795544
2024-10-03,0.4882566143189641,0.41271982924099765,0.5190358930254088,0.34721568170881173
2024-10-04,0.4932007902899161,0.42472433759498635,0.543594947404618,0.37188957245955284
2024-10-05,0.4932007902899161,0.4249305745086281,0.5418241754204549,0.37188957245955284
2024-10-06,0.4932007902899161,0.43162081681845005,0.5561688307469196,0.37188957245955284
2024-10-07,0.4708425669308541,0.4262769756910651,0.5467460895710615,0.3476609595287385
2024-10-08,0.488694272956335,0.4253161977452082,0.5444491493633812,0.35727382061978424
2024-10-09,0.5051893785816219,0.4110926977837947,0.5287653700924966,0.34823721081746534
2024-10-10,0.5030016912904349,0.40826976505276064,0.527123030561643,0.34226518834110714
2024-10-11,0.49648238854843724,0.4281897845278633,0.5520883281143172,0.2873382648021752
2024-10-12,0.49648238854843724,0.43505374908407984,0.5563915486970168,0.2873382648021752
2024-10-13,0.49648238854843724,0.4319183600799183,0.5605140603001855,0.2873382648021752
2024-10-14,0.5128902451975617,0.461237341001776,0.5984756777706881,0.29090052732908106
2024-10-15,0.5240473426678294,0.47036854936179523,0.5879996613998498,0.2919744538187529
2024-10-16,0.5149902795821408,0.47561434460723856,0.5861293821334516,0.29658442416107583
2024-10-17,0.5166092328064904,0.47366066838272053,0.5710634750260215,0.29543192158362236
2024-10-18,0.5290790369019074,0.483011843664712,0.5889813570639769,0.29493424638267723
2024-10-19,0.5290790369019074,0.48249741645964334,0.6069127336036504,0.29493424638267723
2024-10-20,0.5290790369019074,0.4883613847172263,0.6349838200626456,0.29493424638267723
2024-10-21,0.5355547151558238,0.4733671401628528,0.6322040113804395,0.29008854777700915
2024-10-22,0.5328419182858808,0.47330798999641627,0.6362155160390393,0.287783542622102
2024-10-23,0.5105273194149,0.46478040012273475,0.6503361039652349,0.2764681063716395
2024-10-24,0.5096960978804257,0.48064655397896766,0.6742697761974248,0.39913041530280097
2024-10-25,0.513371461001273,0.4667096276117924,0.6265902399939146,0.4219445787185619
2024-10-26,0.513371461001273,0.4701261412251629,0.6494650632151973,0.4219445787185619
2024-10-27,0.513371461001273,0.478519657388255,0.6719329392020558,0.4219445787185619
2024-10-28,0.5220784510344576,0.49667646417476513,0.6779148171267549,0.4044476104026507
2024-10-29,0.5232597456214361,0.5224895968076404,0.6827436778872524,0.396615820623821
2024-10-30,0.5076397553056686,0.5189934993339735,0.6656876251351184,0.3914557776995347
2024-10-31,0.48930669883299455,0.4994978195680276,0.6407137028356937,0.3712871424640625
2024-11-01,0.4761805077641323,0.4927734852531868,0.6323780317808579,0.36900831601591894
2024-11-02,0.4761805077641323,0.49100048590069295,0.6314098892901957,0.36900831601591894
2024-11-03,0.4761805077641323,0.485969925563907,0.6181094737097347,0.36900831601591894
2024-11-04,0.4722426571756477,0.4774386791344822,0.5996367916359208,0.35292575724756997
2024-11-05,0.47854336622505295,0.49164554535212196,0.6341478063453287,0.3754518349864587
2024-11-06,0.4753492862296577,0.5492741544163311,0.7119436087508497,0.47260201497306115
2024-11-07,0.4961760746274962,0.5517132921886567,0.7480100114626487,0.4945518414232231
2024-11-08,0.4949934336057003,0.5575923885494132,0.7618693927729769,0.5582272491201106
2024-11-09,0.4949934336057003,0.5597342698489565,0.7628533766352213,0.5582272491201106
2024-11-10,0.4949934336057003,0.5936471036363702,0.8029148559165717,0.5582272491201106
2024-11-11,0.4830354093843478,0.6691509646948519,0.8491636815792178,0.6336109735063693
2024-11-12,0.4830354093843478,0.6623077564697668,0.8091365839413757,0.5772696004523841
2024-11-13,0.4869338767544256,0.6864287641595304,0.8204902122978708,0.5818533920879434
2024-11-14,0.5005126045653903,0.6558342905577881,0.7975522582772455,0.5319293592977343
2024-11-15,0.48640822860174265,0.6908507589051494,0.8316808505423086,0.5569175943670936
2024-11-16,0.48640822860174265,0.6861930238598417,0.8230444281143963,0.5569175943670936
2024-11-17,0.48640822860174265,0.67965309466994,0.9065860133362943,0.5569175943670936
2024-11-18,0.49963647942975803,0.6860476936933366,0.915117237322551,0.6041175228892324
2024-11-19,0.5007752939982499,0.7025772614768866,0.9085932324592592,0.6231337354822335
2024-11-20,0.5039291155926073,0.7208923039207606,0.8983118302718962,0.6127350735458792
2024-11-21,0.5018266576253569,0.7591176508730075,0.9815286087046113,0.6064749653926489
2024-11-22,0.5077397954125957,0.7636414556020688,0.9794245225280084,0.6403163994470178
2024-11-23,0.5077397954125957,0.7524417121488876,0.974271441695794,0.6403163994470178
2024-11-24,0.5077397954125957,0.7546124874085203,0.9655853829702574,0.6403163994470178
2024-11-25,0.5208803933340034,0.7095382681546447,0.8945549609935446,0.6037246424503238
2024-11-26,0.5304732028335049,0.6992875084626189,0.8812185209606705,0.6027817293969431
2024-11-27,0.5299037282275181,0.7357873195898639,0.9247606429373754,0.5887946262269195
2024-11-28,0.5299037282275181,0.7329418022498269,0.9073107267503091,0.5887946262269195
2024-11-29,0.5404162200289921,0.7495439275708722,0.9295565888480296,0.6209335250893628
2024-11-30,0.5404162200289921,0.7402522609411744,0.9072328106708231,0.6209335250893628
2024-12-01,0.5404162200289921,0.747876107968878,0.904641925012672,0.6209335250893628
2024-12-02,0.5503155454146575,0.7348950482913161,0.8611393477931762,0.6521818683119525
2024-12-03,0.5637189674124066,0.7361510393405695,0.8936079403316588,0.6373304281763299
2024-12-04,0.5652957772269738,0.7615386492609595,0.8740708354310106,0.6543820787048231
2024-12-05,0.5654271892651446,0.7415785152184371,0.8928327105438205,0.6846612901997773
2024-12-06,0.5645511314512532,0.7721124764074856,0.9045694067338732,0.7363402955304215
2024-12-07,0.5645511314512532,0.7721365666570887,0.9103251050754257,0.7363402955304215
2024-12-08,0.5645511314512532,0.7841833404936402,0.9031131153114912,0.7363402955304215
2024-12-09,0.5816778496493464,0.7492795800997798,0.8287837570386472,0.7378333211332566
2024-12-10,0.5861455896601886,0.742329758180766,0.8152610928820617,0.7671695396398477
2024-12-11,0.5805389677591135,0.783605317897506,0.8676400599730676,0.8294567164959366
2024-12-12,0.5869779556642578,0.7732347522320069,0.8660246507739038,0.8119859668542802
2024-12-13,0.5877225341182377,0.7862320871674853,0.8576060765411209,0.8594740609882734
2024-12-14,0.5877225341182377,0.7854401919089509,0.8383938371014021,0.8594740609882734
2024-12-15,0.5877225341182377,0.812290280732336,0.8530702811548951,0.8594740609882734
2024-12-16,0.600468895925133,0.8281762947050573,0.8249136512893558,0.9296453051017364
2024-12-17,0.6111566262180819,0.8291938926592788,0.8498367638562239,0.9737544675911507
2024-12-18,0.5873721244570291,0.773221344860948,0.7866424230120399,0.8696893520748095
2024-12-19,0.5949936187404878,0.7498140108156797,0.7401272276198255,0.85931690881271
2024-12-20,0.6155807417408428,0.7522457637793472,0.7398336928715811,0.8197391006103456
2024-12-21,0.6155807417408428,0.747370786304582,0.69020590265044,0.8197391006103456
2024-12-22,0.6155807417408428,0.7279169776867558,0.6858511682742248,0.8197391006103456
2024-12-23,0.6189972527680596,0.7240745111778712,0.7227057085581142,0.8447273356797049
2024-12-24,0.6318315367685263,0.7606903283285034,0.7505263840026166,0.9277070416464657
2024-12-25,0.6318315367685263,0.7664086796308953,0.7524106858164524,0.9277070416464657
2024-12-26,0.6354228823567727,0.7342545774588591,0.7168012186671816,0.9063596851592852
2024-12-27,0.6203988240911524,0.719289657047604,0.6999225892767689,0.8475037973613022
2024-12-28,0.6203988240911524,0.7284583630282853,0.7429303876571788,0.8475037973613022
2024-12-29,0.6203988240911524,0.713465480720169,0.7226694494187148,0.8475037973613022
2024-12-30,0.6055498023517842,0.705325127269425,0.7276057381472386,0.8101786369003181
2024-12-31,0.5977531368985918,0.7125383645963024,0.7208246336903413,0.774634587719041
2025-01-01,0.5977531368985918,0.7216289206601163,0.7385477255295816,0.774634587719041
2025-01-02,0.5689752469740141,0.7442702421257394,0.7919690548706998,0.710304352645645
2025-01-03,0.5668288279099782,0.7554715629166922,0.8303443668264857,0.7919220464458618
2025-01-04,0.5668288279099782,0.7566535624850215,0.8260209044912088,0.7919220464458618
2025-01-05,0.5668288279099782,0.7573761265787751,0.813603909399318,0.7919220464458618
2025-01-06,0.5740125289125839,0.7919112201171006,0.834096425021616,0.7935197868757511
2025-01-07,0.5617916806148899,0.7445990453539548,0.770679483570828,0.7498035048252452
2025-01-08,0.5639379650354441,0.7273533662220806,0.752718184440388,0.7513227491023351
2025-01-09,0.5639379650354441,0.7038643690985442,0.7045244490496673,0.7513227491023351
2025-01-10,0.538313762061742,0.7242141055706615,0.7143444566217604,0.7507988552271354
2025-01-11,0.538313762061742,0.7229764689972962,0.715945315227767,0.7507988552271354
2025-01-12,0.538313762061742,0.7222592104942289,0.7181172846151874,0.7507988552271354
2025-01-13,0.5275821379937482,0.7225169618255491,0.6961039386492465,0.7732463568782424
2025-01-14,0.5226764027368309,0.7410322544692498,0.7140346111279607,0.7550421238373133
2025-01-15,0.542781569394325,0.7774699758460295,0.784833690407826,0.8384933662657468
2025-01-16,0.5006876410916423,0.7706092018139421,0.80527621770202,0.8007753253658538
2025-01-17,0.5082216844337157,0.8137893251927648,0.8375511934767194,0.833988150717969
2025-01-18,0.5082216844337157,0.8132940411324701,1.0,0.833988150717969
2025-01-19,0.5082216844337157,0.7828397355008894,0.9566141208844935,0.833988150717969
2025-01-20,0.5082216844337157,0.7913475369552541,0.9245607482967059,0.833988150717969
2025-01-21,0.47607097529174297,0.8292458731085715,0.9559505434304368,0.8276232478027024
2025-01-22,0.4812833610783059,0.8063652264846877,0.9821879617929128,0.8041541770754503
2025-01-23,0.48053871530258524,0.8091835705967498,0.9676451133064301,0.7970035132823665
2025-01-24,0.47668407438581123,0.8170696858775741,0.9672837540191149,0.7818114701863799
2025-01-25,0.47668407438581123,0.8161075815340457,0.9777130676796588,0.7818114701863799
2025-01-26,0.47668407438581123,0.7974580717854127,0.9193053439384196,0.7818114701863799
2025-01-27,0.5076960362810328,0.7919993359407982,0.896969068679187,0.7571114007288751
2025-01-28,0.5444899258905447,0.7850685854693871,0.8667061817824204,0.7595735580593457
2025-01-29,0.5493079409191135,0.8068253789309778,0.8695552817973622,0.7360259911792946
2025-01-30,0.5415550345974842,0.8162971488553281,0.9121522606080724,0.7653098522723587
2025-01-31,0.5345904658613978,0.7949116033474442,0.8837551939249624,0.7766252885228213
2025-02-01,0.5345904658613978,0.7788595387256723,0.8151088396996323,0.7766252885228213
2025-02-02,0.5345904658613978,0.7516313190201223,0.7740992249932106,0.7766252885228213
2025-02-03,0.4995926529764541,0.785738021959105,0.8242008482399009,0.7218292984851982
2025-02-04,0.5205738101260988,0.7533093196204605,0.7893733581293274,0.7441720053742686
2025-02-05,0.519128479671443,0.741779267298464,0.7466778694560743,0.707396957462739
2025-02-06,0.5224135786604893,0.7415760058174368,0.7227779921499266,0.6973125998775116
2025-02-07,0.49792819025527907,0.7409867267653867,0.7321299165276374,0.6640473371768871
2025-02-08,0.49792819025527907,0.7405587663490725,0.7605654718765176,0.6640473371768871
2025-02-09,0.49792819025527907,0.7407206585621797,0.7640170720573045,0.6640473371768871
2025-02-10,0.4991121103901514,0.7493239606489,0.7634741237142594,0.6355230982223679
2025-02-11,0.5209055716650872,0.7338132813686573,0.7543458560345914,0.5772958191266389
2025-02-12,0.5395421145455859,0.753438159437535,0.7496988190168102,0.5982765138491652
2025-02-13,0.5599763498724337,0.7418565568492743,0.7408056490257723,0.6491696783670098
2025-02-14,0.5734382744629956,0.7499793444930161,0.7618565436604714,0.6489077314294098
2025-02-15,0.5734382744629956,0.7506344415484463,0.7408869093948146,0.6489077314294098
2025-02-16,0.5734382744629956,0.7377374826529814,0.717832843987666,0.6489077314294098
2025-02-17,0.5734382744629956,0.734051459372175,0.6763184762452364,0.6489077314294098
2025-02-18,0.5728683286048226,0.7319054913338598,0.6432295473299422,0.6443762972073774
2025-02-19,0.5746222619196089,0.7419643176979458,0.6429469841983121,0.6612708754952896
2025-02-20,0.5788318903759702,0.7575502790081983,0.670009209974504,0.6451359193459223
2025-02-21,0.5776041437877939,0.7372833527690921,0.6424887578573587,0.6016553655587618
2025-02-22,0.5776041437877939,0.7414334001434464,0.6550669829089087,0.6016553655587618
2025-02-23,0.5776041437877939,0.7386450254490455,0.6392068950394884,0.6016553655587618
2025-02-24,0.5844009467456419,0.6940826523020667,0.5390470069668459,0.5826130142264885
2025-02-25,0.5841377860605961,0.6694693001360372,0.5471919948452286,0.5099795328475725
2025-02-26,0.5548458273227643,0.6291890405532017,0.5115230932166511,0.47854781877516467
2025-02-27,0.5414276618637655,0.6324671786256966,0.5222489338845162,0.4553669935947499
2025-02-28,0.5613356431422625,0.629427505345405,0.5622735086372546,0.48425797424890543
2025-03-01,0.5613356431422625,0.6446516827285806,0.545530704340223,0.48425797424890543
2025-03-02,0.5613356431422625,0.7200558847187633,0.6794166964962459,0.48425797424890543
2025-03-03,0.5446286086767291,0.6449614862063648,0.5391685161540565,0.4624390813000521
2025-03-04,0.5354200716740916,0.6555751769802107,0.5503020081173049,0.42940962679775524
2025-03-05,0.5345869651308728,0.6867903329950928,0.555495689798167,0.44790194551555657
2025-03-06,0.5327891380410419,0.6807165071167105,0.5442984216463633,0.4069097677331212
2025-03-07,0.5491891853682256,0.6511744762945089,0.5283562520034482,0.404866709515814
2025-03-08,0.5491891853682256,0.6457775434116739,0.5196391559239596,0.404866709515814
2025-03-09,0.5491891853682256,0.5948112506090115,0.4792399327333009,0.404866709515814
2025-03-10,0.49836665675354036,0.5758231868168475,0.44792655754951766,0.29873223717292824
2025-03-11,0.4692500711506649,0.6155625629383537,0.47473543872388674,0.3208130370918902
2025-03-12,0.452323904418612,0.623456349816522,0.4798082859426242,0.3666771321542484
2025-03-13,0.4203131571759002,0.599084760512582,0.46713058294471227,0.34726803912233867
2025-03-14,0.4370201243196928,0.625720761582053,0.5056906522305445,0.371627625521953
2025-03-15,0.4370201243196928,0.6291531202703113,0.5156804558373007,0.371627625521953
2025-03-16,0.4370201243196928,0.612969778127636,0.47751991180994763,0.371627625521953
2025-03-17,0.43925648522952593,0.6266989260919835,0.48588535877618344,0.34027448753732686
2025-03-18,0.43351205572489787,0.614243693469749,0.47492289495427675,0.3070092648041936
2025-03-19,0.44469406223928604,0.652198240205474,0.5143730146360453,0.33464298808635035
2025-03-20,0.43969508637126903,0.6275387150610385,0.48332248887703433,0.3356906959017674
2025-03-21,0.45798061369489157,0.6264011677390009,0.48691047153279515,0.36830113122588354
2025-03-22,0.45798061369489157,0.6244669931451141,0.4871206924008663,0.36830113122588354
2025-03-23,0.45798061369489157,0.6448578120964654,0.5029407661391049,0.36830113122588354
2025-03-24,0.46876771087735886,0.6581146907925497,0.5347396793618843,0.44604225814806747
2025-03-25,0.48201057052314217,0.6578649695444307,0.5460742980724808,0.47158052583189886
2025-03-26,0.47227571215041303,0.6526264157133026,0.5209714739457738,0.4294619842112822
2025-03-27,0.48244903702140346,0.6551613409066697,0.5250427064424134,0.43226466456713436
2025-03-28,0.45635809241827613,0.6292452511356093,0.4907280660688787,0.40717163473573864
2025-03-29,0.45635809241827613,0.6131340363474009,0.4721349895710397,0.40717163473573864
2025-03-30,0.45635809241827613,0.6107198491907357,0.4723464132099162,0.40717163473573864
2025-03-31,0.4749067804269444,0.6126873629693412,0.4725444303546944,0.3956729075704403
2025-04-01,0.47955494270330795,0.6367340923894949,0.4801894762802906,0.42003245400256334
2025-04-02,0.4826244774781007,0.6121073328524067,0.44587281173149823,0.45748862789983885
2025-04-03,0.3918544396247689,0.6177707641214771,0.4431959426287035,0.41694168796983905
2025-04-04,0.3269122530112594,0.6245708823465279,0.4652108433959294,0.34399390223979615
2025-04-05,0.3269122530112594,0.6214597269863125,0.4554908418159176,0.34399390223979615
2025-04-06,0.3269122530112594,0.5729092703752585,0.39955607352216155,0.34399390223979615
2025-04-07,0.296567786176726,0.5822778680699094,0.40413469928340595,0.3279113434714472
2025-04-08,0.2569271294329473,0.5550821988801924,0.3987877376645489,0.2979726550018746
2025-04-09,0.37282339134279446,0.6129171524038004,0.4508711164961792,0.42982872591091853
2025-04-10,0.33585762932885105,0.5858643756767596,0.4268252638844883,0.37796634973045623
2025-04-11,0.3697538565680017,0.6205423616777614,0.4603871457491328,0.37773062146711106
2025-04-12,0.3697538565680017,0.637816432889525,0.5016381946928173,0.37773062146711106
2025-04-13,0.3697538565680017,0.6231132788511904,0.48748909229777365,0.37773062146711106
2025-04-14,0.3889163168881468,0.6309819717193554,0.49029442318975114,0.37783541622914757
2025-04-15,0.3872501711234501,0.622966586438428,0.47857741137068305,0.3824453865714705
2025-04-16,0.352740036929341,0.6263151311332751,0.4985203194066966,0.34954686557048226
2025-04-17,0.3646233340183321,0.6342248347835027,0.5110132944104355,0.3490753690763007
2025-04-18,0.3646233340183321,0.630141465778586,0.5086091609217153,0.3490753690763007
2025-04-19,0.3646233340183321,0.6357635277797367,0.5304369281531575,0.3490753690763007
2025-04-20,0.3646233340183321,0.6367811974311297,0.5228402864185071,0.3490753690763007
2025-04-21,0.3478726077429764,0.65829816385426,0.5187252261271568,0.31274555901720663
2025-04-22,0.376726032660806,0.712654800802718,0.565001216808479,0.34016973274278167
2025-04-23,0.39803720098417655,0.7150153584751475,0.5742806815791377,0.37361832632573316
2025-04-24,0.4145688623147537,0.71726091388459,0.5787060567382605,0.39658968188454874
2025-04-25,0.41855922386111394,0.7243889032746276,0.5733666344388416,0.4632249221128519
2025-04-26,0.41855922386111394,0.7237137310111945,0.5671158638994702,0.4632249221128519
2025-04-27,0.41855922386111394,0.7155268460961872,0.5631033618211784,0.4632249221128519
2025-04-28,0.422330318497473,0.726758924973687,0.5614272860360292,0.4656608607690676
2025-04-29,0.42702230722714035,0.7203902803263509,0.5561130925876487,0.48176959824418014
2025-04-30,0.43267901650341994,0.7196792594771988,0.5607861798609207,0.455917026209222
2025-05-01,0.4362747380048227,0.7406494632709417,0.5731035503270829,0.45162132025053464
2025-05-02,0.40132606999071135,0.7444831110277392,0.562350485968795,0.4691445072407005
2025-05-03,0.40132606999071135,0.7351381733996629,0.5575287831613829,0.4691445072407005
2025-05-04,0.40132606999071135,0.720676495434732,0.5467125293320058,0.4691445072407005
2025-05-05,0.37299876447775077,0.72464177919829,0.5571465367322778,0.4509403541347539
2025-05-06,0.3713324167478315,0.7434956975826932,0.5574147839577372,0.4380795348679291
2025-05-07,0.36142231988362766,0.7456050283664033,0.5591348635528371,0.4403583213485815
2025-05-08,0.3668598295716469,0.8025877893102977,0.623529100286757,0.4628843990874702
2025-05-09,0.3714201369761801,0.8001043426860233,0.6576255991064293,0.4980879252433656
2025-05-10,0.3714201369761801,0.8159394516670233,0.6760572696293691,0.4980879252433656
2025-05-11,0.3714201369761801,0.8105251680687005,0.6583876277512823,0.4980879252433656
2025-05-12,0.42639271430656006,0.7986552711540869,0.6630841837231947,0.550788419715172
2025-05-13,0.43578894432273235,0.8111074924951209,0.7006061737964164,0.5918853922596439
2025-05-14,0.4331544426374168,0.8053221760346057,0.6725482884804065,0.6275341562679748
2025-05-15,0.4292905786421441,0.8072055890311143,0.6429438745957422,0.6148043504374412
2025-05-16,0.4284563949510714,0.8048621669826586,0.6364993112773479,0.6335586160928424
2025-05-17,0.4284563949510714,0.8021254859488645,0.6311041508186582,0.6335586160928424
2025-05-18,0.4284563949510714,0.8319966784851387,0.6617415394739786,0.6335586160928424
2025-05-19,0.417567238009451,0.824289375949881,0.6346931602299846,0.6128922257214426
2025-05-20,0.40913694033122633,0.8351635425475616,0.6409201687119824,0.6174236599434753
2025-05-21,0.38819301210428075,0.8616581567949564,0.6609072272373132,0.5933259805139695
2025-05-22,0.38498775669990176,0.8799686106198585,0.6840133344836968,0.6101419827140999
2025-05-23,0.3582478305148245,0.8397219770104274,0.6614597390750544,0.6056891245798492
2025-05-24,0.3582478305148245,0.8443414257661872,0.6699842744821987,0.6056891245798492
2025-05-25,0.3582478305148245,0.855760060683769,0.668765662305297,0.6056891245798492
2025-05-26,0.3582478305148245,0.8594766269596079,0.6656219714506719,0.6056891245798492
2025-05-27,0.37993828952623504,0.8553860882375475,0.6729557050888034,0.6673739114079389
2025-05-28,0.3808603280891381,0.8444439527213436,0.6551696584654604,0.6516841931110073
2025-05-29,0.37879664744462666,0.8246158848686105,0.6336317296622268,0.65569173345784
2025-05-30,0.3827484336334705,0.8095359621943683,0.5938214827998217,0.6243385954732139
2025-05-31,0.3827484336334705,0.8154050209511234,0.5953758147107739,0.6243385954732139
2025-06-01,0.3827484336334705,0.8247108119235944,0.5997807721020795,0.6243385954732139
2025-06-02,0.38648054898186807,0.8268163427572186,0.5967566542670271,0.6144638274120595
2025-06-03,0.3933740932813408,0.8226951893429539,0.5903934099894218,0.6186023012602009
2025-06-04,0.3913982001869189,0.816266677557467,0.582766552305272,0.5865943358990664
2025-06-05,0.3817824339737819,0.7873030278172568,0.5488653717300341,0.4625700947363433
2025-06-06,0.39622813116362104,0.8131313602504768,0.5618240830582913,0.48991569237413674
2025-06-07,0.39622813116362104,0.8243760578301498,0.5703638144478053,0.48991569237413674
2025-06-08,0.39622813116362104,0.8260098212757108,0.579192328174089,0.48991569237413674
2025-06-09,0.3853828679970453,0.8673115504600255,0.6124854347675546,0.5251191385950496
2025-06-10,0.39073959159602517,0.8669732115080089,0.6276333063049861,0.570983273624899
2025-06-11,0.37365946004261136,0.8525593555564273,0.6123593491841092,0.5718738292647527
2025-06-12,0.37550360449015824,0.8272524766510767,0.5805749278827402,0.5527004644961881
2025-06-13,0.36342891169188457,0.8287384005291323,0.5645742038367174,0.5689402154075918
2025-06-14,0.36342891169188457,0.8230617052833458,0.5497143519033498,0.5689402154075918
2025-06-15,0.36342891169188457,0.823792371157472,0.5806699761122338,0.5689402154075918
2025-06-16,0.37207881288881467,0.8352155946940256,0.5731935527863687,0.5789459969050375
2025-06-17,0.3598724387654068,0.8150656782387067,0.5611960606826749,0.5454712246153224
2025-06-18,0.3639996654109479,0.8176555951625668,0.5558256597010507,0.5604012408387267
2025-06-19,0.3639996654109479,0.8158289663258371,0.55858780818753,0.5604012408387267
2025-06-20,0.3834071095461051,0.8032131320395812,0.5320454727579689,0.5606894064505812
2025-06-21,0.3834071095461051,0.7935568852931203,0.5127907549737111,0.5606894064505812
2025-06-22,0.3834071095461051,0.7818993554003066,0.4991586093379683,0.5606894064505812
2025-06-23,0.3856024041940099,0.824028685034532,0.5500334088613658,0.6301534657740087
2025-06-24,0.3803334008233786,0.8283223418432768,0.5542930363363409,0.6086489571112648
2025-06-25,0.38586576684427826,0.8403961455134603,0.544874812884971,0.5748074431219135
2025-06-26,0.3834071095461051,0.8367137070912258,0.5277822663064512,0.570171294072827
2025-06-27,0.38375832706820384,0.8378923368924973,0.5398237035483492,0.5645397946218504
2025-06-28,0.38375832706820384,0.8400882061621335,0.5730303866590716,0.5645397946218504
2025-06-29,0.38375832706820384,0.8497965050550584,0.5827413234542336,0.5645397946218504
2025-06-30,0.40171646876599426,0.8383228067098121,0.58805610362008,0.5489025136734282
2025-07-01,0.41335208917033867,0.8251346139039655,0.5580308959687937,0.5045051855721594
2025-07-02,0.43363747612813147,0.8541442215310675,0.5784138127684412,0.5436376759871056
2025-07-03,0.4385113008798784,0.8613819075934053,0.5790834920841443,0.5428519151092883
2025-07-04,0.4385113008798784,0.8465731436215422,0.5612492759568419,0.5428519151092883
2025-07-05,0.4385113008798784,0.8483796255530978,0.5607794326100616,0.5428519151092883
2025-07-06,0.4385113008798784,0.8575650369747241,0.5770499880187022,0.5428519151092883
2025-07-07,0.42270435808972545,0.8490098436900391,0.5655123650648665,0.486772488992903
2025-07-08,0.42296785538347564,0.8549789200009503,0.576809492529385,0.4969092039916572
2025-07-09,0.427929467685312,0.8767866184542621,0.5978465406318862,0.49185395582940744
2025-07-10,0.43350572748125643,0.9195584981389162,0.6239212622410377,0.5284980702396285
2025-07-11,0.4280172552354014,0.9335977363697336,0.619386346931011,0.5380323952103838
2025-07-12,0.4280172552354014,0.9328473537734618,0.6109327456655073,0.5380323952103838
2025-07-13,0.4280172552354014,0.9482732869970645,0.6128905631778341,0.5380323952103838
2025-07-14,0.41686466832177177,0.9550055796979349,0.6170479257984838,0.546911812869648
2025-07-15,0.4190162038381135,0.935985610664481,0.6234893208425616,0.5308816514823174
2025-07-16,0.4236265312961102,0.9448078759127734,0.6610100788091047,0.559405970371819
2025-07-17,0.42301181648026126,0.9498676169983347,0.669025460799246,0.5534863053089878
2025-07-18,0.42810504278549094,0.9380600249257007,0.6751350671162955,0.5803080090715813
2025-07-19,0.42810504278549094,0.9374795646257377,0.673935992631012,0.5803080090715813
2025-07-20,0.42810504278549094,0.9316135888473545,0.6911463520767065,0.5803080090715813
2025-07-21,0.43381305122831043,0.9328869306120957,0.7467013968264613,0.5772696004523841
2025-07-22,0.44224341622827595,0.9563428036424277,0.784023140228534,0.5867514880746298
2025-07-23,0.4411456679217122,0.944958870155822,0.721895334394062,0.5879302093263381
2025-07-24,0.4394332721210405,0.9414076375573193,0.695222278313074,0.5165278066126573
2025-07-25,0.4399601993867999,0.9346888239246793,0.7112702331151107,0.5447116024767775
2025-07-26,0.4399601993867999,0.9375473901499181,0.7040960866277337,0.5447116024767775
2025-07-27,0.4399601993867999,0.9513235714587289,0.7187829155803751,0.5447116024767775
2025-07-28,0.44070666284952403,0.9373373174376043,0.6949742728401919,0.5696736188718821
2025-07-29,0.4285002214043753,0.9373159516805158,0.6903360952561475,0.5581748917065836
2025-07-30,0.4187527065443633,0.9364811815134615,0.6763349043342848,0.5525171735813523
2025-07-31,0.41225434086377505,0.9174569106497212,0.6560724406304091,0.5243071590429775
2025-08-01,0.3894662681892825,0.8950817290844764,0.6193621741714114,0.5095342949951369
2025-08-02,0.3894662681892825,0.8878026020570473,0.6024664713027377,0.5095342949951369
2025-08-03,0.3894662681892825,0.9033190888081764,0.6158165231808231,0.5095342949951369
2025-08-04,0.39372537812518044,0.9111583858360517,0.6445422689883917,0.5269003298097394
2025-08-05,0.39183727258084794,0.9026195395064545,0.6240506921140394,0.5254858802946858
2025-08-06,0.4371940163763501,0.9107556628240836,0.6397360555220822,0.5547959600620047
2025-08-07,0.4669634209004048,0.9334133312447948,0.667842638387771,0.5609774921274533
2025-08-08,0.5078855469815708,0.9259965456482044,0.6727561624786136,0.5803080090715813
2025-08-09,0.5078855469815708,0.9242678551476593,0.6859027994112336,0.5803080090715813
2025-08-10,0.5078855469815708,0.9500228413744982,0.696364089173675,0.5803080090715813
2025-08-11,0.4994896507129289,0.9447430616697932,0.6658908053935974,0.6048771450277772
2025-08-12,0.5103470991146013,0.9579716916803309,0.7307924940638688,0.6096180888389002
2025-08-13,0.5265235036186278,0.9870741471444455,0.7682192598923573,0.6057939193418858
2025-08-14,0.5241058452606422,0.9413303480065089,0.7335960648034483,0.595840495257967
2025-08-15,0.5188748113518593,0.9325089431242739,0.7072774447436767,0.5826915903142702
2025-08-16,0.5188748113518593,0.9333624262530735,0.7227568703211502,0.5826915903142702
2025-08-17,0.5188748113518593,0.9330110384158552,0.7281316716837695,0.5826915903142702
2025-08-18,0.5157978038638305,0.9219914699544982,0.6970056647227564,0.5947404300290229
2025-08-19,0.5143472223133871,0.8905949200958774,0.6702529324098844,0.5794174534317278
2025-08-20,0.49434653899771736,0.903842836645532,0.714371856327423,0.565246979411886
2025-08-21,0.4894671938632194,0.8868125358166581,0.6862807041310903,0.555319774002222
2025-08-22,0.5020391250395306,0.9276976327377457,0.7645934046241656,0.6074440971202844
2025-08-23,0.5020391250395306,0.9139339984339365,0.7772410970236912,0.6074440971202844
2025-08-24,0.5020391250395306,0.896351342596303,0.7846069241072134,0.6074440971202844
2025-08-25,0.49940172851935766,0.8657537143190175,0.7131880951680023,0.6247053371728504
2025-08-26,0.5088525564673725,0.8811559157788742,0.7463585191393254,0.6379852555528385
2025-08-27,0.5140395619576288,0.8758276687862769,0.7733445889884293,0.6325632656909523
2025-08-28,0.5231388357748405,0.8879667885796407,0.8174951956491324,0.6230813780687066
2025-08-29,0.521292537031586,0.8500283737074894,0.7821753909128305,0.591361498384444
2025-08-30,0.521292537031586,0.8536738880864332,0.7731014532705149,0.591361498384444
2025-08-31,0.521292537031586,0.8484303871504759,0.7654243138995281,0.591361498384444
2025-09-01,0.521292537031586,0.8577350309682039,0.7509851383892894,0.591361498384444
2025-09-02,0.5106548941138416,0.8756305732619936,0.7985614709905284,0.5795483869330365
2025-09-03,0.5491177570011667,0.8804268272425197,0.8034246547227873,0.5919377496731708
2025-09-04,0.5548761894278949,0.8712531741570091,0.7719480840758336,0.6035674902747603
2025-09-05,0.5544804722350836,0.8705867489484915,0.7755561031330587,0.63581118389924
2025-09-06,0.5544804722350836,0.8666745927889692,0.7630509830777734,0.63581118389924
2025-09-07,0.5544804722350836,0.8753280111985244,0.7869747984565343,0.63581118389924
2025-09-08,0.5465241869342976,0.8836225135678606,0.8166521999939701,0.6241814432976505
2025-09-09,0.5310071988820553,0.8786587032976836,0.8284347188181181,0.6256744689004856
2025-09-10,0.49777523526003115,0.9009117845799692,0.8543362414313037,0.6278223218798293
2025-09-11,0.5120174861489728,0.9151565069041283,0.872674623877148,0.68288017892007
2025-09-12,0.529776490137281,0.9206081447287706,0.9247647499596374,0.7539420586083692
2025-09-13,0.529776490137281,0.9192217365246711,0.9258898980442036,0.7539420586083692
2025-09-14,0.529776490137281,0.9142398585672917,0.918052760820236,0.7539420586083692
2025-09-15,0.5413371814440413,0.9145814238920229,0.8942125526803815,0.7908743386304449
2025-09-16,0.5477110692257681,0.9274140704247078,0.9043329595950714,0.821205907538926
2025-09-17,0.5514035993905364,0.9239755457797059,0.9345858136231693,0.8323117542653158
2025-09-18,0.5465241869342976,0.930112321774611,0.9452739870297165,0.8087118299717375
2025-09-19,0.5800199171370353,0.9168205265560363,0.9103433519886187,0.8328618668147703
2025-09-20,0.5800199171370353,0.9171243074714197,0.9143414208172468,0.8328618668147703
2025-09-21,0.5800199171370353,0.9133077953385957,0.9027406083923218,0.8328618668147703
2025-09-22,0.6265269875187176,0.8898362206277188,0.8409150207245912,0.8541830046276959
2025-09-23,0.6192740124447604,0.8831000562795908,0.8148484544882173,0.8322856155260434
2025-09-24,0.6099550677871026,0.8951601657900297,0.8073080202868106,0.8766567249530577
2025-09-25,0.6299996448778171,0.8558876099517574,0.7328071058269054,0.8258421365229949
2025-09-26,0.6238016688049737,0.8619770658135133,0.7826850723755528,0.870396536864845
2025-09-27,0.6238016688049737,0.8616936468948182,0.7758822007006667,0.870396536864845
2025-09-28,0.6238016688049737,0.8840924885266377,0.8033917398729442,0.870396536864845
2025-09-29,0.6192740124447604,0.9049958705566001,0.8122957054653568,0.8777567901820018
2025-09-30,0.6201532343804725,0.9018361762113212,0.7957221691572689,0.8817119731153076
2025-10-01,0.623757707708188,0.9439857961450635,0.8454500533781112,0.920320569655054
2025-10-02,0.6311425660725019,0.9626369549286395,0.8961324682444042,0.8588715910252918
2025-10-03,0.6350547670777165,0.9771853864710107,0.8890001547123537,0.8427104162016699
2025-10-04,0.6350547670777165,0.9786436352408912,0.8697793491976312,0.8427104162016699
2025-10-05,0.6350547670777165,0.9886289003070816,0.8720786949469221,0.8427104162016699
2025-10-06,0.6292085471008988,1.0,0.8871316942701001,0.904054680004378
2025-10-07,0.628285364068401,0.9697045753003262,0.8408622161526504,0.8512493907705352
2025-10-08,0.6352306114648589,0.9871733043325444,0.8740013094112885,0.8659175399913219
2025-10-09,0.6175595969918628,0.9720374578645805,0.8428169240624074,0.8576667310343113
2025-10-10,0.5790088792327073,0.8941115229605754,0.718515196400635,0.7999109084652725
2025-10-11,0.5790088792327073,0.8720266432424837,0.6777197335693068,0.7999109084652725
2025-10-12,0.5790088792327073,0.9120566796970002,0.7525239809591389,0.7999109084652725
2025-10-13,0.5895147735035766,0.91298644861621,0.7942770840384877,0.858609644087692
2025-10-14,0.5899982782464774,0.8932332326104582,0.7715641948378237,0.8411650331853078
2025-10-15,0.5968995645461497,0.8717997933920534,0.7391173108455835,0.8566451619581665
2025-10-16,0.588591590471079,0.8479653592965282,0.7032312064110893,0.8398815971065454
2025-10-17,0.6098670782717905,0.8321965701991083,0.6930256667920813,0.8675414990954657
2025-10-18,0.6098670782717905,0.8389003274257463,0.7146563556266909,0.8675414990954657
2025-10-19,0.6098670782717905,0.8523765994664314,0.7151866308724703,0.8675414990954657
2025-10-20,0.653604868842943,0.8700172583157584,0.7226940915522873,0.8888102794948645
2025-10-21,0.6559346050073576,0.8506345732919989,0.7069891317808796,0.8761590497521126
2025-10-22,0.6369450269177568,0.8434001136023757,0.6857712573553543,0.866650943455612
2025-10-23,0.6419120249588623,0.865252407696322,0.7289908607409936,0.8928702571902067
2025-10-24,0.6561544778130264,0.8741010575037036,0.7373422558239185,0.8528995685489338
2025-10-25,0.6561544778130264,0.8796790257444198,0.7391884796742104,0.8528995685489338
2025-10-26,0.6561544778130264,0.9056572052659457,0.7622139719407643,0.8528995685489338
2025-10-27,0.6824850878136375,0.9024165648141129,0.7572656555041873,0.9018806882857622
2025-10-28,0.683320281330823,0.8917419314445447,0.7407358296473171,0.923175607424433
2025-10-29,0.6863972888188519,0.8651200547178473,0.740613088353428,0.9256902021034132
2025-10-30,0.6938700020549962,0.8490621109280174,0.7029830835947138,0.8696107759870277
2025-10-31,0.6893424803382648,0.8605393224346642,0.7129228988733661,0.912724588074552
2025-11-01,0.6893424803382648,0.8651999970640007,0.7097336787433786,0.912724588074552
2025-11-02,0.6893424803382648,0.8704825012612203,0.715293413451284,0.912724588074552
2025-11-03,0.6835398848495284,0.8329283115308059,0.6317188547077963,0.9436586269460148
2025-11-04,0.6878919661095626,0.7874367430419889,0.5906241659688033,0.880507113124327
2025-11-05,0.6883315770774185,0.8085564354381805,0.6181662679604444,0.9271570090319936
2025-11-06,0.6867049491746104,0.784782370361006,0.5893273443536826,0.8848289578222865
2025-11-07,0.6809905451664084,0.8037895056007724,0.6148675663512996,0.8418984366495981
2025-11-08,0.6809905451664084,0.7937836634463793,0.6010033739577499,0.8418984366495981
2025-11-09,0.6809905451664084,0.8161533960265948,0.6254249604346733,0.8418984366495981
2025-11-10,0.686358511496113,0.8278722986981595,0.6366263942804856,0.8830478465425793
2025-11-11,0.7119666245737484,0.800348614949113,0.5874140586970259,0.8683534786475378
2025-11-12,0.7041346825283421,0.7881035984335352,0.5823912291422657,0.8447273356797049
2025-11-13,0.7018466858432646,0.770063944825155,0.5510398640025583,0.7697888491458817
2025-11-14,0.6994704976776525,0.7214273082140321,0.5263086080470752,0.7759704611463127
2025-11-15,0.6994704976776525,0.7319936071575572,0.5296100085565637,0.7759704611463127
2025-11-16,0.6994704976776525,0.7194017914237332,0.5208836423411123,0.7759704611463127
2025-11-17,0.6776904334291491,0.7002837406597517,0.4962077725144204,0.7879407247732839
2025-11-18,0.6776025112355779,0.7081302791019424,0.5341441024621381,0.767850585690611
2025-11-19,0.6825304626669813,0.6945215106884395,0.5189657802882206,0.7750274681579497
2025-11-20,0.6723664955179711,0.6501578821006873,0.5064699303688982,0.7520823712408802
2025-11-21,0.6954224413993699,0.6360138226052272,0.4871803615671595,0.7412383915171079
2025-11-22,0.6954224413993699,0.6319544721527424,0.48353018686000165,0.7412383915171079
2025-11-23,0.6954224413993699,0.6517465480254137,0.4956571381725706,0.7412383915171079
2025-11-24,0.7149146436062777,0.6651962921126668,0.5251348797563234,0.8111477686279533
2025-11-25,0.719534800038441,0.6566736493438146,0.5271335328042845,0.8153910372381312
2025-11-26,0.7220866979477136,0.6858249305816784,0.5429794221110276,0.8341976603070596
2025-11-27,0.7220866979477136,0.692863943781961,0.5346517304137294,0.8341976603070596
2025-11-28,0.7278067569821483,0.6895040709340268,0.5213622277781361,0.843601051776506
2025-11-29,0.7278067569821483,0.6888845356756297,0.5163309494918654,0.843601051776506
2025-11-30,0.7278067569821483,0.6846864511964121,0.5066532209052796,0.843601051776506
2025-12-01,0.7465068515860247,0.6473099270568214,0.4802919171498558,0.8435224756887243
2025-12-02,0.7601028810843917,0.6934588869105549,0.526299396582859,0.8411650331853078
2025-12-03,0.7511268733747061,0.7134432545970233,0.5502324820975828,0.8870029495409024
2025-12-04,0.735946763313758,0.7007219537715816,0.5276079525472998,0.9074073929747022
2025-12-05,0.7274986926959446,0.6754490593254929,0.5057233910651479,0.9086384716399376
2025-12-06,0.7274986926959446,0.674390163800523,0.5019761439532388,0.9086384716399376
2025-12-07,0.7274986926959446,0.6847904120949972,0.5009960910980167,0.9086384716399376
2025-12-08,0.7235827216732416,0.6869430479702563,0.5055512481606207,0.8682486838855012
2025-12-09,0.7204585889666064,0.705770223309713,0.5233286700372134,0.8828906943670158
2025-12-10,0.7274986926959446,0.6996144475643766,0.5178202144358371,0.8993399548675098
2025-12-11,0.724198715602167,0.7041148790155491,0.5174454779902969,0.8873959099147934
2025-12-12,0.7252987528479202,0.6835494057545746,0.5018832665783695,0.9190109149020369
2025-12-13,0.7252987528479202,0.6838090929095235,0.5054329659194732,0.9190109149020369
2025-12-14,0.7252987528479202,0.6643209413465785,0.4909508426907225,0.9190109149020369
2025-12-15,0.7069504816618104,0.6482112321989701,0.4843219620803814,0.9618366413126891
2025-12-16,0.7091505561533167,0.6612814831578011,0.4900668941564327,1.0
2025-12-17,0.6969624935434244,0.6456780994348892,0.4664909728991421,0.9407512317631086
2025-12-18,0.6985026803309606,0.6394261060854829,0.4528421644873646,0.9829482695365244
2025-12-19,0.7050147123249446,0.6636620443410619,0.47830678793948617,0.9772644126720209
2025-12-20,0.7050147123249446,0.6658702455241854,0.47683136952771227,0.9772644126720209
2025-12-21,0.7050147123249446,0.6684192233631543,0.47753296627356634,0.9772644126720209
2025-12-22,0.6931345793577743,0.6672102656583643,0.47680135892932585,0.9969878100550573
2025-12-23,0.6992506248719836,0.6573354142361885,0.46932640239712586,0.9886845637495374
2025-12-24,0.7056305716103883,0.6591521488632597,0.4639485794395567,0.988265464636374
2025-12-25,0.7056305716103883,0.6556903226375403,0.4542916499871409,0.988265464636374
2025-12-26,0.7038266182421387,0.6563023296929362,0.46293866266531464,0.9615223369615622
2025-12-27,0.7038266182421387,0.6608976165019214,0.4723659509015343,0.9615223369615622
2025-12-28,0.7038266182421387,0.6612067030079911,0.47448708122052496,0.9615223369615622
2025-12-29,0.7054106988047195,0.6548037871127077,0.4665118307050587,0.9207921061167268
2025-12-30,0.7024186513536637,0.6666607068392909,0.4734564533197328,0.9071454460371025
2025-12-31,0.6970505503804774,0.6582056745031049,0.47173825122052415,0.8948085206454774
2026-01-01,0.6970505503804774,0.6694308704521466,0.4804922518286247,0.8948085206454774
2026-01-02,0.6933105583883985,0.6805602072829753,0.501150280448084,0.8642935808871779
2026-01-03,0.6933105583883985,0.6866033467719823,0.5056291055683602,0.8642935808871779
2026-01-04,0.6933105583883985,0.6940397056963752,0.507940537697451,0.8642935808871779
2026-01-05,0.6768105382760283,0.7166988797576865,0.5236684381217794,0.8999162061562367
2026-01-06,0.6552503468331938,0.7152899586417556,0.5356207529805906,0.8509088677451535
2026-01-07,0.6463182328985528,0.6930720806706461,0.5172203544985892,0.8468489699847939
2026-01-08,0.6406423369261265,0.6904939220829018,0.5248352431464324,0.8583476971500921
2026-01-09,0.6420943322331278,0.685776606688129,0.5150800678543334,0.8824715952538524
2026-01-10,0.6420943322331278,0.6846161162712312,0.5149670660703799,0.8824715952538524
2026-01-11,0.6420943322331278,0.688661557472457,0.5294379829955298,0.8824715952538524
2026-01-12,0.6459664094807862,0.692016124729705,0.5280757423829491,0.8928178198416972
2026-01-13,0.6494863940237146,0.7299070043771929,0.5520103533630846,0.8882078894668655
2026-01-14,0.6446902585609273,0.7446598445553343,0.5573625074315158,0.8672534134185936
2026-01-15,0.6369902671276186,0.7320123201193027,0.5403657131434487,0.865603235640195
2026-01-16,0.6251982583192421,0.7317730666582136,0.5500862721050532,0.8628005552843427
2026-01-17,0.6251982583192421,0.7278709481026926,0.5457228543103411,0.8628005552843427
2026-01-18,0.6251982583192421,0.714421777592811,0.5236893839353159,0.8628005552843427
2026-01-19,0.6251982583192421,0.7045026890158581,0.5057837642924002,0.8628005552843427
2026-01-20,0.5863460738044881,0.6655665363059733,0.47643413246735056,0.8149981567992226
2026-01-21,0.5905260806948682,0.6753499738345654,0.49055856339294857,0.8469275460725756
2026-01-22,0.5936061176612362,0.676134555981613,0.48636458960241996,0.8938655276571144
2026-01-23,0.5922420445478058,0.6765146943845781,0.48280107306499176,0.8930797667792971
2026-01-24,0.5922420445478058,0.6729067493234677,0.481617693271924,0.8930797667792971
2026-01-25,0.5922420445478058,0.6496101874080713,0.4497764777198454,0.8930797667792971
2026-01-26,0.6246702539056288,0.6651648887515769,0.470412680449569,0.8567761753944576
2026-01-27,0.637254168351814,0.6728318257793149,0.4816214482637065,0.8455130965575222
2026-01-28,0.6292023535007392,0.6735843592907296,0.47417597428417346,0.8469799034861025
2026-01-29,0.6372983314138223,0.6311581316695789,0.44528888117345233,0.8079522078331927
2026-01-30,0.6425783755499557,0.6271850329143343,0.44435556036439783,0.8442296604787598
2026-01-31,0.6425783755499557,0.5766410364514425,0.3985164981800127,0.8442296604787598
2026-02-01,0.6425783755499557,0.561529136838739,0.38086310837573445,0.8442296604787598
2026-02-02,0.6889106786923493,0.5772618622589254,0.3947848284168262,0.8217035827398711
2026-02-03,0.6865786535887455,0.5492233928189529,0.368225683531864,0.8220964631787797
2026-02-04,0.717422513097024,0.5252355267765498,0.3469445316276295,0.7803185245185271
2026-02-05,0.714870749831233,0.430548406376664,0.29372092607255645,0.7572685529044385
2026-02-06,0.72459456743846,0.5026199445954731,0.3293934066776767,0.7936769390513145
2026-02-07,0.72459456743846,0.4909334490453983,0.330066518290556,0.7936769390513145
2026-02-08,0.72459456743846,0.4999524513321169,0.3277758852956353,0.7936769390513145
2026-02-09,0.7103253205314313,0.4986314309483691,0.3264596139965164,0.8099429086369729
2026-02-10,0.7061853027551255,0.48645488523151464,0.3119008654667049,0.83060921907339
2026-02-11,0.7142008985096147,0.4699175741534493,0.29782301990790805,0.8386242997670554
2026-02-12,0.6535561279025559,0.4628499537817627,0.29434008901443626,0.8092880812604644
2026-02-13,0.6273513422356238,0.48704115300236434,0.3173111632360177,0.8102572129880998
2026-02-14,0.6273513422356238,0.49539043201067917,0.3320698357423719,0.8102572129880998
2026-02-15,0.6273513422356238,0.48640190102182185,0.32378077939021055,0.8102572129880998
2026-02-16,0.6273513422356238,0.4869063623200606,0.3254099177780789,0.8102572129880998
2026-02-17,0.6630249307553819,0.47452684191086475,0.3206758998959619,0.792419721646807
2026-02-18,0.6650949396435348,0.4647173066118692,0.30671560318148006,0.794227051600769
2026-02-19,0.6484911094067491,0.46960146132457853,0.3098928249392876,0.7952485407419314
2026-02-20,0.6661077279131256,0.4792182746267483,0.31851302462926473,0.7955367063537859
2026-02-21,0.6661077279131256,0.4792030748264034,0.32072791239932363,0.7955367063537859
2026-02-22,0.6661077279131256,0.47604266350941,0.31142213335031455,0.7955367063537859
2026-02-23,0.673154294529587,0.4481195189696959,0.29205177355350626,0.7641311310206504
2026-02-24,0.6994031759367862,0.44319413838340965,0.29698583275565915,0.7891455847642646
2026-02-25,0.7086078082784537,0.47880257442674995,0.3311268927668749,0.8101524182260633
2026-02-26,0.7029704203418028,0.4741556656543295,0.32341173410409063,0.7870500891984478
2026-02-27,0.6643460525981397,0.459729262697746,0.3081941898675704,0.7711509412474082
2026-02-28,0.6643460525981397,0.4699532793448255,0.3174789644312964,0.7711509412474082
2026-03-01,0.6643460525981397,0.45841053662348424,0.3144470139180728,0.7711509412474082
2026-03-02,0.6667242604159778,0.48628869118812096,0.3262009889374995,0.7732725755524972
2026-03-03,0.6624524266710561,0.48186339837261577,0.32768224518806016,0.7447482566629955
2026-03-04,0.6570351808270376,0.5223986130970855,0.3423494777773368,0.7801351536687089
2026-03-05,0.6472140159825179,0.5052421969436518,0.3341087962802479,0.7791135845925641
2026-03-06,0.634750203522038,0.4804211380719661,0.3186925601738636,0.7560113354999312
2026-03-07,0.634750203522038,0.4724929365515074,0.31291779351466575,0.7560113354999312
2026-03-08,0.634750203522038,0.46053671624248244,0.3069372357042651,0.7560113354999312
2026-03-09,0.6454083122490057,0.4828612796046919,0.31967064752557467,0.7611189410757078
2026-03-10,0.6495922238003562,0.4968523373363029,0.32313914516938264,0.7625857480042884
2026-03-11,0.6495040323198216,0.49940325099890065,0.32593341643712587,0.7850594683296501
2026-03-12,0.62726321807683,0.5020516011174829,0.3270979332636614,0.7515061199521533
2026-03-13,0.6024239192798864,0.5064089967116361,0.3320408225636778,0.7415265571289624
2026-03-14,0.6024239192798864,0.5086698953157667,0.33172320306345354,0.7415265571289624
2026-03-15,0.6024239192798864,0.5231266978730398,0.3478001417083111,0.7415265571289624
2026-03-16,0.6143151603342998,0.5421343349930063,0.3630725440279032,0.7529467082064791
2026-03-17,0.6205249177117946,0.5335204934220847,0.3572366120728738,0.7626643240920701
2026-03-18,0.6016312057811872,0.5089539595090045,0.3393943285804138,0.7456650309771038
2026-03-19,0.5973152089742575,0.4967226371531713,0.33498062909886467,0.712976019565206
2026-03-20,0.5930431059423724,0.5023188881726042,0.3385785859515476,0.6806537498529446
2026-03-21,0.5930431059423724,0.4856983366784993,0.3293956948757941,0.6806537498529446
2026-03-22,0.5930431059423724,0.4777479807320663,0.32425470042337967,0.6806537498529446
2026-03-23,0.6084576303050164,0.505918874847685,0.3446173754704497,0.7144166877545142
2026-03-24,0.6091181912263952,0.5022755113838842,0.3423039485019745,0.7201267632932726
2026-03-25,0.613434255355066,0.5095440989271118,0.3457099313997792,0.727775182222284
2026-03-26,0.6146234265857258,0.48643344777725456,0.32546814948658037,0.6915238683159892
2026-03-27,0.5966104849908704,0.46391938879093414,0.3122982492064331,0.664597369791359
2026-03-28,0.5966104849908704,0.46374796085402553,0.30844072854678756,0.664597369791359
2026-03-29,0.5966104849908704,0.4604003482224071,0.3061598057259293,0.664597369791359
2026-03-30,0.5870534906575098,0.4671595990597382,0.3100881725195955,0.6474409245008295
2026-03-31,0.6185870614009621,0.48130968111759903,0.3126352010471623,0.6905809552626085
2026-04-01,0.6266907139925042,0.47988943184858085,0.30528641810602763,0.7154906142441861
2026-04-02,0.6279679420602171,0.46896866208946547,0.2966582097226395,0.6613494515830713
2026-04-03,0.6279679420602171,0.46935898149077476,0.30210761221106186,0.6613494515830713
2026-04-04,0.6279679420602171,0.47265740986278654,0.30379882530683405,0.6613494515830713
2026-04-05,0.6279679420602171,0.48817963238763057,0.3078212429103015,0.6613494515830713
2026-04-06,0.6409159324810065,0.48705936408390954,0.30127332931026973,0.6409974454977809
2026-04-07,0.6173099006549903,0.5153332870348848,0.32240774317625526,0.624836270674159
2026-04-08,0.6410921807985941,0.5078323289590261,0.31061742100980927,0.6159306343406399
2026-04-09,0.6480947189965292,0.5137467720253015,0.31337065139080517,0.6221383850803432
2026-04-10,0.6480508252214845,0.5248624146963858,0.3192565423380652,0.6308607304990266
2026-04-11,0.6480508252214845,0.5255527867601637,0.3197190810523937,0.6308607304990266
2026-04-12,0.6480508252214845,0.5044371811027442,0.30659365395617,0.6308607304990266
2026-04-13,0.6424135719283153,0.5386796067872592,0.32628574027546453,0.639949737682364
2026-04-14,0.6407838472254272,0.5358986169015165,0.31520437815907104,0.670805200466045
2026-04-15,0.674255408923194,0.5416203379709663,0.31960590325320054,0.7434910392584879
2026-04-16,0.660910758805221,0.5448053414177629,0.3352742518547291,0.7355020973040949
2026-04-17,0.6909911897720773,0.5629280203506686,0.33481265188834614,0.7662004079122124
2026-04-18,0.6909911897720773,0.5500737929693806,0.32454063718043935,0.7662004079122124
2026-04-19,0.6909911897720773,0.5329136485630324,0.31445965767946527,0.7662004079122124
2026-04-20,0.7034107045270674,0.5514165375960742,0.3211963182883123,0.7449316275128137
2026-04-21,0.6731104007545421,0.55582390611872,0.32387447816953224,0.7290062608875194
2026-04-22,0.7039394494798303,0.5728048075964731,0.32728263192196116,0.7318612986568984
2026-04-23,0.7050843230050003,0.5734091430545252,0.32430357398829823,0.6957409981868947
2026-04-24,0.6946464910141465,0.5659421694379281,0.32465278822406707,0.7024987815410701
2026-04-25,0.6946464910141465,0.5673802713026344,0.3243424733562947,0.7024987815410701
2026-04-26,0.6946464910141465,0.5769752886646871,0.32749241275193286,0.7024987815410701
2026-04-27,0.6794522433876167,0.5651282631477623,0.31921544277957126,0.7087066122157559
2026-04-28,0.6931050924352748,0.5558046195796031,0.31622083683305907,0.7017653780767799
2026-04-29,0.6907268846174368,0.5505319378948705,0.3123291692168918,0.6933311982699513
2026-04-30,0.6959238537253412,0.5553792402614606,0.31231720018058523,0.7164597459718214
2026-05-01,0.7346361436625755,0.5725836218225864,0.3150077984720846,0.7405312067270724
2026-05-02,0.7346361436625755,0.5769726358693439,0.3171345612787489,0.7405312067270724
2026-05-03,0.7346361436625755,0.5758803294624837,0.31568481175611285,0.7405312067270724
2026-05-04,0.7200584285388978,0.5877160268263213,0.3164164777720999,0.7449578461870683
2026-05-05,0.7524288758430577,0.5978031735731253,0.3249885079581177,0.7367331759693301
2026-05-06,0.7670946478037883,0.6023961660726243,0.3358541340622595,0.7612499545119991
2026-05-07,0.7667863142306213,0.58938707280103,0.33300785029115454,0.7954581302660042
2026-05-08,0.7926826990026454,0.591009364699161,0.34663891049958523,0.8388338892911285
2026-05-09,0.7926826990026454,0.595392427880689,0.35123648723498174,0.8388338892911285
2026-05-10,0.7926826990026454,0.6089248388066102,0.3638541103643743,0.8388338892911285
2026-05-11,0.79105162786494,0.6051563637786499,0.36740378036960475,0.8824453765795977
2026-05-12,0.8003969626450176,0.5936774315398887,0.35561521835555676,0.8521923837588983
2026-05-13,0.8183383412293321,0.5826613045427607,0.34331539074162815,0.8831525613696332
2026-05-14,0.81542896487606,0.5989429435074773,0.34740372605240183,0.877992518445347
2026-05-15,0.8243336115404276,0.5807208922949587,0.3360669071513078,0.8228298666430698
2026-05-16,0.8243336115404276,0.5721471294428708,0.3258240229655884,0.8228298666430698
2026-05-17,0.8243336115404276,0.5657039197372391,0.3205810863534548,0.8228298666430698
2026-05-18,0.8137978937383545,0.5613430826788568,0.3210576769510943,0.7907433251941536
2026-05-19,0.8187791639885238,0.5594776656723792,0.3168730613041485,0.7753417725090765
2026-05-20,0.8332381235613135,0.5659647540469313,0.32392244232237855,0.8097857564614095
2026-05-21,0.8453164517335938,0.5667117668761452,0.3282069172820391,0.8113311394777716
2026-05-22,0.8621999364819377,0.5478898971273749,0.31725175809258427,0.8327047146392068
2026-05-23,0.8621999364819377,0.5587660712458558,0.3224480213302968,0.8327047146392068
2026-05-24,0.8621999364819377,0.5615904379203185,0.32087617590298423,0.8327047146392068
2026-05-25,0.8621999364819377,0.5643326396363133,0.31995646693914115,0.8327047146392068
2026-05-26,0.8600398511045058,0.5509871432363314,0.31448107286697463,0.8525590455235521
2026-05-27,0.8711486115648317,0.5373953670524594,0.3097962219085092,0.8702917421028085
2026-05-28,0.8784662155100205,0.5299787965473832,0.3083247051678842,0.8748493949990956
2026-05-29,0.876482513093658,0.5284734427358679,0.30812114354305226,0.8583215584108199
2026-05-30,0.876482513093658,0.5319820155173651,0.31048514555709744,0.8583215584108199
2026-05-31,0.876482513093658,0.5303746366308932,0.30952773999606326,0.8583215584108199
2026-06-01,0.85113533908362,0.5096348675461526,0.30487023007151387,0.8061710965534854
2026-06-02,0.8903242669461866,0.467271661738696,0.278169158231524,0.8267588309021208
2026-06-03,0.8685477034282083,0.4425914161117149,0.26843918245459003,0.8266541160750669
2026-06-04,0.8728237111210637,0.44063856440466836,0.25731352316951284,0.8129027411683885
2026-06-05,0.8556757865745976,0.414218156729712,0.23719596401180487,0.7410026632537627
2026-06-06,0.8556757865745976,0.4137110784847157,0.23220832283706863,0.7410026632537627
2026-06-07,0.8556757865745976,0.4354804547998939,0.24805336140348594,0.7410026632537627
2026-06-08,0.8301083358284456,0.43411369162076857,0.24991563197647315,0.7880193008610656
2026-06-09,0.7816621300228541,0.42083598489638135,0.24286795243889453,0.7558803220636399
2026-06-10,0.7862025775138317,0.41905108381342876,0.23594250081742232,0.7163549512097849
2026-06-11,0.8040557646176119,0.43843125943618794,0.25001965698319667,0.7623500197409432
2026-06-12,0.7842190097409512,0.4382673955508661,0.24973999810302328,0.7814185897474712
2026-06-13,0.7842190097409512,0.4463261576205136,0.2579051397263634,0.7814185897474712
2026-06-14,0.7842190097409512,0.4581562984535646,0.26672350324048527,0.7814185897474712
2026-06-15,0.8075383182726186,0.46347085128641713,0.2775403731232017,0.7937817338133508
2026-06-16,0.8199694123670376,0.4571490248920301,0.2753657928430576,0.7767824406983848
2026-06-17,0.8054664243757215,0.4462997372128386,0.26966424852361776,0.7550945611858226
2026-06-18,0.8145473193576767,0.432332232002045,0.26080323064971705,0.7658598848868308
2026-06-19,0.8145473193576767,0.43824570715650607,0.2611650886468784,0.7658598848868308
2026-06-20,0.8145473193576767,0.4446591266874052,0.2744386032315229,0.7658598848868308
2026-06-21,0.8145473193576767,0.43546227956693434,0.27153749071321936,0.7658598848868308
2026-06-22,0.810139226409242,0.44202002550393854,0.26957650492657603,0.7778039298395472
2026-06-23,0.7981928488490593,0.4302356633148508,0.260869324372263,0.716407308623312
2026-06-24,0.7928147842582247,0.41488318384338657,0.2544818779991848,0.7004819419980177
2026-06-25,0.7137759636812673,0.4031963656560404,0.25291149936553725,0.6994080155083457
2026-06-26,0.7518186715838469,0.40590139238864437,0.2692966406952895,0.7114306365488439
2026-06-27,0.7518186715838469,0.405200875175108,0.26381857705865264,0.7114306365488439
2026-06-28,0.7518186715838469,0.4014587847062369,0.26728780809929314,0.7114306365488439
2026-06-29,0.7428259680824261,0.4070205493862081,0.2812604552164345,0.7955890637673129
2026-06-30,0.7764164199745627,0.3925249228106012,0.2757869093042859,0.818534240619365
2026-07-01,0.798545614771198,0.4057850995765718,0.2906305678355916,0.8308449473367352
2026-07-02,0.8613623193820807,0.41938157192517295,0.30316669590895545,0.7474200035175389
2026-07-03,0.8613623193820807,0.4290993348447277,0.3094575979230018,0.7474200035175389
2026-07-04,0.8613623193820807,0.4340927201981229,0.30703354537631056,0.7474200035175389
2026-07-05,0.8613623193820807,0.4383103780051432,0.3061622699392865,0.7474200035175389
2026-07-06,0.879127449648808,0.44241382221806264,0.30805458044653344,0.8163601689657667
2026-07-07,0.870310994464975,0.4360115874459077,0.30318485481452845,0.7721724303885706
2026-07-08,0.8823454288622106,0.42646890901900497,0.2921813794417477,0.7490177439474281
2026-07-09,0.8948205513751561,0.4350548962388228,0.2931751028139279,0.7817328940985981
2026-07-10,0.8908532811859129,0.44362636478142453,0.2932564218547168,0.7849023161540867
2026-07-11,0.8908532811859129,0.44064272284061184,0.288479074887735,0.7849023161540867
2026-07-12,0.8908532811859129,0.44024068095177243,0.28867008075879436,0.7849023161540867
2026-07-13,0.8996254386642559,0.42629956030006805,0.2809319814430891,0.7508512925756448
2026-07-14,0.8888254157075424,0.4512340440969688,0.2920868592579736,0.754570667310623
2026-07-15,0.9445450623963141,0.44899719989385595,0.2901705520063669,0.7500654517628451
2026-07-16,0.9699362648248786,0.44052574890541046,0.28251072080062734,0.7411598154293262
2026-07-17,0.9720520524968204,0.44153689411420266,0.2815095461166288,0.7143904690802594
2026-07-18,0.9720520524968204,0.4497701670991306,0.2832371943670402,0.7143904690802594
2026-07-19,0.9720520524968204,0.4487992440035152,0.286676092114688,0.7143904690802594
2026-07-20,0.9405334945015811,0.4537478186247617,0.29220018373653334,0.6848708797238501
2026-07-21,0.945602956232285,0.46544969321810986,0.2934178865013626,0.7093875783315367
2026-07-22,0.9374478698307214,0.4617390778075002,0.2926398698055608,0.6965006203254396
2026-07-23,0.9188012286890928,0.4520480579328919,0.2847709911666821,0.5542197087732779
2026-07-24,0.968878236345426,0.4433634871023466,0.2771580973582232,0.5367750978708938
2026-07-25,0.968878236345426,0.44532114251987936,0.2792677280148801,0.5367750978708938
2026-07-26,0.968878236345426,0.4547598241996111,0.2876254596464379,0.5367750978708938
2026-07-27,0.9860261608918921,0.43993489251558876,0.27816525656037505,0.5267955350477029
2026-07-28,1.0000000000000002,0.44127903523712536,0.27646295450449526,0.5221331673243617
2026-07-29,0.9916686652808488,0.4416168006117705,0.27607105657307424,0.49824507741892893
2026-07-30,0.970685555800719,0.4491158945611718,0.2794193651439702,0.5258264033200675
2026-07-31,0.8625967308226028,0.4315730306536865,0.2729660303994591,0.532007935385516
2026-08-01,0.8625967308226028,0.43111026126063895,0.2694154509821564,0.532007935385516
2026-08-02,0.8625967308226028,0.43770575575840537,0.27550050317325336,0.532007935385516
2026-08-03,0.8383957767725521,0.4375121016983509,0.2755961674560862,0.5604798169265084
2026-08-04,0.8646684900760182,0.4429730601552801,0.276534592707095,0.5742836291816962
2026-08-05,0.8718098457036192,0.4479429646850294,0.27747134581332566,0.5590915860857095
2026-08-06,0.8780253927508288,0.4448650409637756,0.27214641543531726,0.5538006096601147
2026-08-07,0.8820808544206065,0.45053729098493295,0.2762458103703252,0.5775053287157292
2026-08-08,0.8820808544206065,0.45076209746597723,0.2852033139315111,0.5775053287157292
2026-08-09,0.8820808544206065,0.45021329146720396,0.28612572179569784,0.5775053287157292
2026-08-10,0.8609033197528553,0.4416389908863306,0.28509937693240756,0.5835297885405968
2026-08-11,0.8461231008326522,0.4383470152597481,0.2860600974471247,0.5885850367028467
2026-08-12,0.8343871710344173,0.4369755559158936,0.2834855225345287,0.5747027282948596
2026-08-13,0.8476673269246404,0.43697315406065035,0.28599189154170107,0.6073130836839931
2026-08-14,0.8506232899225918,0.43305834510578484,0.28272349388967566,0.613363682248133
2026-08-15,0.8506232899225918,0.4335055203640445,0.28251198224317925,0.613363682248133
2026-08-16,0.8506232899225918,0.4316180564773497,0.279692423452651,0.613363682248133
2026-08-17,0.8491232268926121,0.44710557757121766,0.28509500588728576,0.6055843298178127
2026-08-18,0.8687125070498487,0.4487066112580171,0.2892751624814899,0.5992194269025459
2026-08-19,0.8987140369364099,0.4907886207590933,0.32135599344668675,0.6365445873635303
2026-08-20,0.8743156955421396,0.5253553327500231,0.33005539999457517,0.6208549490015811
2026-08-21,0.865712380989889,0.5740169916739777,0.3531901683891733,0.6672952553851748
2026-08-22,0.865712380989889,0.5625291689859582,0.35418573992137137,0.6672952553851748
2026-08-23,0.865712380989889,0.5686949106381243,0.3600676118539893,0.6672952553851748
2026-08-24,0.8700802155372858,0.5797921988333203,0.37206219970622645,0.6308607304990266
2026-08-25,0.868138925817669,0.576125820577488,0.36453297180842054,0.6342658008828779
2026-08-26,0.8838015981171456,0.5803697912464261,0.38592677346612886,0.6226622789555432
2026-08-27,0.8887870423152486,0.5916588693752192,0.4129994721490891,0.6462098458355943
2026-08-28,0.9113765831759268,0.5693834185754447,0.39346134049287546,0.6303368366238269
2026-08-29,0.9113765831759268,0.5731967760327255,0.3993254055503999,0.6303368366238269
2026-08-30,0.9113765831759268,0.567890109888731,0.3848088420063945,0.6303368366238269
2026-08-31,0.8988023630604263,0.5759758300948392,0.38911616961135614,0.6806276111136724
2026-09-01,0.9353336978805602,0.5654678209516935,0.3775422875181211,0.6495625588059184
2026-09-02,0.9345835990438294,0.5645212031971956,0.3790754976002969,0.6519723587228621
