Date,AAPL,BTC-USD,SOL-USD,TSLA
2021-01-01,125.63248443603516,29374.15234375,1.8420840501785278,243.2566680908203
2021-01-02,125.63248443603516,32127.267578125,1.7992750406265259,243.2566680908203
2021-01-03,125.63248443603516,32782.0234375,2.1617519855499268,243.2566680908203
2021-01-04,125.63248443603516,31971.9140625,2.4850969314575195,243.2566680908203
2021-01-05,127.1857681274414,33992.4296875,2.157217025756836,245.0366668701172
2021-01-06,122.90450286865234,36824.36328125,1.929216980934143,251.9933319091797
2021-01-07,127.09841918945312,39371.04296875,2.3727450370788574,272.0133361816406
2021-01-08,128.19541931152344,40797.609375,3.2198870182037354,293.3399963378906
2021-01-09,128.19541931152344,40254.546875,3.3853819370269775,293.3399963378906
2021-01-10,128.19541931152344,38356.44140625,3.466110944747925,293.3399963378906
2021-01-11,125.21504211425781,35566.65625,3.1080899238586426,270.39666748046875
2021-01-12,125.04032135009766,33922.9609375,3.6133980751037598,283.14666748046875
2021-01-13,127.06932830810547,37316.359375,3.513782024383545,284.8033447265625
2021-01-14,125.14713287353516,39187.328125,3.2781639099121094,281.6666564941406
2021-01-15,123.42874145507812,36825.3671875,3.2501609325408936,275.38665771484375
2021-01-16,123.42874145507812,36178.140625,3.4470551013946533,275.38665771484375
2021-01-17,123.42874145507812,35791.27734375,3.81813907623291,275.38665771484375
2021-01-18,123.42874145507812,36630.07421875,3.7955150604248047,275.38665771484375
2021-01-19,124.0986328125,36069.8046875,3.6418659687042236,281.51666259765625
2021-01-20,128.17601013183594,35547.75,3.7235779762268066,283.48333740234375
2021-01-21,132.87472534179688,30825.69921875,2.9905359745025635,281.663330078125
2021-01-22,135.010498046875,33005.76171875,3.346229076385498,282.21331787109375
2021-01-23,135.010498046875,32067.642578125,3.5041120052337646,282.21331787109375
2021-01-24,135.010498046875,32289.37890625,3.634411096572876,282.21331787109375
2021-01-25,138.74815368652344,32366.392578125,3.6999809741973877,293.6000061035156
2021-01-26,138.98110961914062,32569.849609375,4.04734992980957,294.36334228515625
2021-01-27,137.91322326660156,30432.546875,3.690587043762207,288.0533447265625
2021-01-28,133.0883331298828,33466.09765625,3.8220720291137695,278.4766540527344
2021-01-29,128.10804748535156,34316.38671875,3.8346760272979736,264.510009765625
2021-01-30,128.10804748535156,34269.5234375,4.224276065826416,264.510009765625
2021-01-31,128.10804748535156,33114.359375,4.264143943786621,264.510009765625
2021-02-01,130.22442626953125,33537.17578125,4.611601829528809,279.9366760253906
2021-02-02,131.0496368408203,35510.2890625,5.267508029937744,290.92999267578125
2021-02-03,130.03025817871094,37472.08984375,5.71599006652832,284.89666748046875
2021-02-04,133.37954711914062,36926.06640625,6.426064968109131,283.3299865722656
2021-02-05,132.96632385253906,38144.30859375,6.681719779968262,284.07666015625
2021-02-06,132.96632385253906,39266.01171875,6.110806941986084,284.07666015625
2021-02-07,132.96632385253906,38903.44140625,6.700462818145752,284.07666015625
2021-02-08,133.11219787597656,46196.46484375,7.8832502365112305,287.8066711425781
2021-02-09,132.23715209960938,46481.10546875,7.816792964935303,283.1533203125
2021-02-10,131.63433837890625,44918.18359375,9.072214126586914,268.2733459472656
2021-02-11,131.3815460205078,47909.33203125,9.215352058410645,270.5533447265625
2021-02-12,131.61492919921875,47504.8515625,9.2470121383667,272.0400085449219
2021-02-13,131.61492919921875,47105.515625,8.732455253601074,272.0400085449219
2021-02-14,131.61492919921875,48717.2890625,8.738896369934082,272.0400085449219
2021-02-15,131.61492919921875,47945.05859375,8.861739158630371,272.0400085449219
2021-02-16,129.49537658691406,49199.87109375,8.297866821289062,265.40667724609375
2021-02-17,127.21056365966797,52149.0078125,8.222577095031738,266.04998779296875
2021-02-18,126.11195373535156,51679.796875,8.980451583862305,262.4599914550781
2021-02-19,126.26747131347656,55888.1328125,11.465653419494629,260.4333190917969
2021-02-20,126.26747131347656,56099.51953125,10.002663612365723,260.4333190917969
2021-02-21,126.26747131347656,57539.9453125,11.0855131149292,260.4333190917969
2021-02-22,122.50481414794922,54207.3203125,14.454785346984863,238.1666717529297
2021-02-23,122.36870574951172,48824.42578125,15.2015380859375,232.94667053222656
2021-02-24,121.87287139892578,49705.33203125,17.30270767211914,247.33999633789062
2021-02-25,117.6337890625,47093.8515625,13.816014289855957,227.4066619873047
2021-02-26,117.89631652832031,46339.76171875,13.58794116973877,225.1666717529297
2021-02-27,117.89631652832031,46188.453125,13.201168060302734,225.1666717529297
2021-02-28,117.89631652832031,45137.76953125,13.08924674987793,225.1666717529297
2021-03-01,124.24516296386719,49631.2421875,14.955588340759277,239.47666931152344
2021-03-02,121.64923095703125,48378.98828125,13.958921432495117,228.81333923339844
2021-03-03,118.67412567138672,50538.2421875,14.115591049194336,217.73333740234375
2021-03-04,116.79765319824219,48561.16796875,13.097983360290527,207.14666748046875
2021-03-05,118.0518569946289,48927.3046875,12.610443115234375,199.31666564941406
2021-03-06,118.0518569946289,48912.3828125,13.036458015441895,199.31666564941406
2021-03-07,118.0518569946289,51206.69140625,13.877732276916504,199.31666564941406
2021-03-08,113.1322250366211,52246.5234375,13.602188110351562,187.6666717529297
2021-03-09,117.73102569580078,54824.1171875,14.84631061553955,224.52667236328125
2021-03-10,116.65180969238281,56008.55078125,14.231083869934082,222.68666076660156
2021-03-11,118.57687377929688,57805.12109375,15.992279052734375,233.1999969482422
2021-03-12,117.67269134521484,57332.08984375,14.552142143249512,231.2433319091797
2021-03-13,117.67269134521484,61243.0859375,15.308802604675293,231.2433319091797
2021-03-14,117.67269134521484,59302.31640625,14.50826644897461,231.2433319091797
2021-03-15,120.55059051513672,55907.19921875,14.186661720275879,235.97999572753906
2021-03-16,122.08676147460938,56804.90234375,13.622773170471191,225.6266632080078
2021-03-17,121.29920959472656,58870.89453125,14.220203399658203,233.93666076660156
2021-03-18,117.18653869628906,57858.921875,14.230025291442871,217.72000122070312
2021-03-19,116.66153717041016,58346.65234375,14.204795837402344,218.2899932861328
2021-03-20,116.66153717041016,58313.64453125,14.211980819702148,218.2899932861328
2021-03-21,116.66153717041016,57523.421875,14.332205772399902,218.2899932861328
2021-03-22,119.96720886230469,54529.14453125,14.919293403625488,223.3333282470703
2021-03-23,119.14081573486328,54738.9453125,14.20483112335205,220.72000122070312
2021-03-24,116.75875854492188,52774.265625,13.661297798156738,210.08999633789062
2021-03-25,117.24488830566406,51704.16015625,13.02508544921875,213.4633331298828
2021-03-26,117.84770965576172,55137.3125,14.779420852661133,206.23666381835938
2021-03-27,117.84770965576172,55973.51171875,16.50832176208496,206.23666381835938
2021-03-28,117.84770965576172,55950.74609375,18.016233444213867,206.23666381835938
2021-03-29,118.02269744873047,57750.19921875,18.854808807373047,203.76333618164062
2021-03-30,116.57402801513672,58917.69140625,19.233924865722656,211.8733367919922
2021-03-31,118.76161193847656,58918.83203125,19.465229034423828,222.64332580566406
2021-04-01,119.58805084228516,59095.80859375,19.084901809692383,220.5833282470703
2021-04-02,119.58805084228516,59384.3125,19.810222625732422,220.5833282470703
2021-04-03,119.58805084228516,57603.890625,22.552276611328125,220.5833282470703
2021-04-04,119.58805084228516,58758.5546875,24.061323165893555,220.5833282470703
2021-04-05,122.4076156616211,59057.87890625,22.984283447265625,230.35000610351562
2021-04-06,122.708984375,58192.359375,24.95714569091797,230.5399932861328
2021-04-07,124.35213470458984,56048.9375,26.47808074951172,223.6566619873047
2021-04-08,126.74386596679688,58323.953125,27.033987045288086,227.93333435058594
2021-04-09,129.31065368652344,58245.00390625,27.778274536132812,225.67333984375
2021-04-10,129.31065368652344,59793.234375,26.84140396118164,225.67333984375
2021-04-11,129.31065368652344,60204.96484375,27.9318904876709,225.67333984375
2021-04-12,127.59945678710938,59893.453125,28.512123107910156,233.9933319091797
2021-04-13,130.70095825195312,63503.45703125,27.4355525970459,254.10667419433594
2021-04-14,128.36753845214844,63109.6953125,26.47511100769043,244.07666015625
2021-04-15,130.76904296875,63314.01171875,27.818313598632812,246.28334045410156
2021-04-16,130.43846130371094,61572.7890625,25.39736557006836,246.5933380126953
2021-04-17,130.43846130371094,60683.8203125,25.09987449645996,246.5933380126953
2021-04-18,130.43846130371094,56216.18359375,32.30291748046875,246.5933380126953
2021-04-19,131.09959411621094,55724.265625,31.67589569091797,238.2100067138672
2021-04-20,129.41761779785156,56473.03125,31.77005386352539,239.663330078125
2021-04-21,129.79678344726562,53906.08984375,32.51304244995117,248.0399932861328
2021-04-22,128.28004455566406,51762.2734375,38.8797607421875,239.89666748046875
2021-04-23,130.59400939941406,51093.65234375,36.97842025756836,243.13333129882812
2021-04-24,130.59400939941406,50050.8671875,40.7373161315918,243.13333129882812
2021-04-25,130.59400939941406,49004.25390625,47.36762619018555,243.13333129882812
2021-04-26,130.98292541503906,54021.75390625,43.97651672363281,246.06666564941406
2021-04-27,130.66209411621094,55033.1171875,43.2390022277832,234.913330078125
2021-04-28,129.87454223632812,54824.703125,44.825984954833984,231.46665954589844
2021-04-29,129.7772979736328,53555.109375,42.460540771484375,225.6666717529297
2021-04-30,127.8133544921875,57750.17578125,42.95600128173828,236.47999572753906
2021-05-01,127.8133544921875,57828.05078125,49.50802230834961,236.47999572753906
2021-05-02,127.8133544921875,56631.078125,46.890987396240234,236.47999572753906
2021-05-03,128.8634033203125,57200.29296875,45.93368911743164,228.3000030517578
2021-05-04,124.30349731445312,53333.5390625,42.729557037353516,224.53334045410156
2021-05-05,124.54658508300781,57424.0078125,44.92357635498047,223.64666748046875
2021-05-06,126.1410903930664,56396.515625,43.4556770324707,221.17999267578125
2021-05-07,126.81310272216797,57356.40234375,43.1550178527832,224.1233367919922
2021-05-08,126.81310272216797,58803.77734375,45.56153106689453,224.1233367919922
2021-05-09,126.81310272216797,58232.31640625,44.330196380615234,224.1233367919922
2021-05-10,123.54073333740234,55859.796875,42.90963363647461,209.67999267578125
2021-05-11,122.62525177001953,56704.57421875,44.57746887207031,205.73333740234375
2021-05-12,119.56717681884766,49150.53515625,42.45730972290039,196.6300048828125
2021-05-13,121.70978546142578,49716.19140625,40.99785232543945,190.56333923339844
2021-05-14,124.12507629394531,49880.53515625,42.717864990234375,196.5800018310547
2021-05-15,124.12507629394531,46760.1875,43.461307525634766,196.5800018310547
2021-05-16,124.12507629394531,46456.05859375,47.200828552246094,196.5800018310547
2021-05-17,122.97586059570312,43537.51171875,46.86320495605469,192.27667236328125
2021-05-18,121.59291076660156,42909.40234375,55.91096115112305,192.6233367919922
2021-05-19,121.43708038330078,37002.44140625,35.107181549072266,187.82000732421875
2021-05-20,123.98873901367188,40782.73828125,44.74274826049805,195.5933380126953
2021-05-21,122.15778350830078,37304.69140625,38.81285095214844,193.6266632080078
2021-05-22,122.15778350830078,37536.6328125,31.315582275390625,193.6266632080078
2021-05-23,122.15778350830078,34770.58203125,24.68874740600586,193.6266632080078
2021-05-24,123.78421020507812,38705.98046875,31.283571243286133,202.14666748046875
2021-05-25,123.58944702148438,38402.22265625,29.99707794189453,201.56333923339844
2021-05-26,123.54073333740234,39294.19921875,35.539817810058594,206.3766632080078
2021-05-27,122.01168823242188,38436.96875,33.584590911865234,210.28334045410156
2021-05-28,121.35916137695312,35697.60546875,29.039276123046875,208.4066619873047
2021-05-29,121.35916137695312,34616.06640625,27.376420974731445,208.4066619873047
2021-05-30,121.35916137695312,35678.12890625,28.602659225463867,208.4066619873047
2021-05-31,121.35916137695312,37332.85546875,32.816246032714844,208.4066619873047
2021-06-01,121.03778076171875,36684.92578125,30.985260009765625,207.96665954589844
2021-06-02,121.79743957519531,37575.1796875,33.95631790161133,201.7066650390625
2021-06-03,120.31707000732422,39208.765625,39.47090530395508,190.94667053222656
2021-06-04,122.60575866699219,36894.40625,37.415069580078125,199.68333435058594
2021-06-05,122.60575866699219,35551.95703125,39.58539962768555,199.68333435058594
2021-06-06,122.60575866699219,35862.37890625,42.30837631225586,199.68333435058594
2021-06-07,122.61552429199219,33560.70703125,38.262332916259766,201.7100067138672
2021-06-08,123.43357849121094,33472.6328125,41.51781463623047,201.19667053222656
2021-06-09,123.81343078613281,37345.12109375,42.031776428222656,199.5933380126953
2021-06-10,122.82003784179688,36702.59765625,41.09867477416992,203.3733367919922
2021-06-11,124.02769470214844,37334.3984375,36.046085357666016,203.29666137695312
2021-06-12,124.02769470214844,35552.515625,36.441688537597656,203.29666137695312
2021-06-13,124.02769470214844,39097.859375,38.77043533325195,203.29666137695312
2021-06-14,127.07603454589844,40218.4765625,38.71305465698242,205.89666748046875
2021-06-15,126.2579345703125,40406.26953125,41.153648376464844,199.7866668701172
2021-06-16,126.75462341308594,38347.0625,39.703617095947266,201.6233367919922
2021-06-17,128.35189819335938,38053.50390625,39.264591217041016,205.53334045410156
2021-06-18,127.05655670166016,35787.24609375,36.64879608154297,207.77000427246094
2021-06-19,127.05655670166016,35615.87109375,35.35343551635742,207.77000427246094
2021-06-20,127.05655670166016,35698.296875,35.32201385498047,207.77000427246094
2021-06-21,128.8485565185547,31676.693359375,26.657400131225586,206.94332885742188
2021-06-22,130.48471069335938,32505.66015625,26.7718563079834,207.90333557128906
2021-06-23,130.21205139160156,33723.02734375,30.048887252807617,218.85667419433594
2021-06-24,129.92959594726562,34662.4375,31.181034088134766,226.60667419433594
2021-06-25,129.63742065429688,31637.779296875,28.698862075805664,223.9566650390625
2021-06-26,129.63742065429688,32186.27734375,29.712854385375977,223.9566650390625
2021-06-27,129.63742065429688,34649.64453125,31.929391860961914,223.9566650390625
2021-06-28,131.2638702392578,34434.3359375,32.92778015136719,229.57333374023438
2021-06-29,132.7734375,35867.77734375,33.86680221557617,226.9199981689453
2021-06-30,133.3870086669922,35040.8359375,35.55640411376953,226.56666564941406
2021-07-01,133.68890380859375,33572.1171875,33.40403366088867,225.97332763671875
2021-07-02,136.30873107910156,33897.046875,34.02048110961914,226.3000030517578
2021-07-03,136.30873107910156,34668.546875,34.478816986083984,226.3000030517578
2021-07-04,136.30873107910156,35287.78125,34.31060028076172,226.3000030517578
2021-07-05,136.30873107910156,33746.00390625,32.984588623046875,226.3000030517578
2021-07-06,138.31497192382812,34235.1953125,34.26913833618164,219.86000061035156
2021-07-07,140.7984619140625,33855.328125,36.59136962890625,214.88333129882812
2021-07-08,139.50315856933594,32877.37109375,33.20372772216797,217.60333251953125
2021-07-09,141.32437133789062,33798.01171875,33.2646484375,218.98333740234375
2021-07-10,141.32437133789062,33520.51953125,31.788644790649414,218.98333740234375
2021-07-11,141.32437133789062,34240.1875,32.17784118652344,218.98333740234375
2021-07-12,140.7302703857422,33155.84765625,30.848087310791016,228.56666564941406
2021-07-13,141.84059143066406,32702.025390625,29.12118911743164,222.84666442871094
2021-07-14,145.25892639160156,32822.34765625,31.2810001373291,217.7933349609375
2021-07-15,144.60643005371094,31780.73046875,28.45210075378418,216.86666870117188
2021-07-16,142.5709686279297,31421.5390625,26.37000846862793,214.74000549316406
2021-07-17,142.5709686279297,31533.068359375,26.721668243408203,214.74000549316406
2021-07-18,142.5709686279297,31796.810546875,26.751909255981445,214.74000549316406
2021-07-19,138.73374938964844,30817.83203125,24.44757652282715,215.4066619873047
2021-07-20,142.3372802734375,29807.34765625,23.48955535888672,220.1666717529297
2021-07-21,141.60678100585938,32110.693359375,26.623079299926758,218.42999267578125
2021-07-22,142.9702606201172,32313.10546875,27.70208168029785,216.4199981689453
2021-07-23,144.68434143066406,33581.55078125,28.513879776000977,214.4600067138672
2021-07-24,144.68434143066406,34292.4453125,28.702619552612305,214.4600067138672
2021-07-25,144.68434143066406,35350.1875,28.168773651123047,214.4600067138672
2021-07-26,145.1031494140625,37337.53515625,28.306642532348633,219.2066650390625
2021-07-27,142.94107055664062,39406.94140625,28.065326690673828,214.92666625976562
2021-07-28,141.19773864746094,39995.90625,27.815410614013672,215.66000366210938
2021-07-29,141.84059143066406,40008.421875,31.281137466430664,225.78334045410156
2021-07-30,142.05477905273438,42235.546875,32.393943786621094,229.06666564941406
2021-07-31,142.05477905273438,41626.1953125,36.82731246948242,229.06666564941406
2021-08-01,142.05477905273438,39974.89453125,34.25436019897461,229.06666564941406
2021-08-02,141.7236785888672,39201.9453125,33.22241973876953,236.55667114257812
2021-08-03,143.5156707763672,38152.98046875,33.99644088745117,236.5800018310547
2021-08-04,143.1163787841797,39747.50390625,35.76362609863281,236.97332763671875
2021-08-05,143.22348022460938,40869.5546875,37.35513687133789,238.2100067138672
2021-08-06,142.5407257080078,42816.5,39.446102142333984,233.03334045410156
2021-08-07,142.5407257080078,44555.80078125,39.403472900390625,233.03334045410156
2021-08-08,142.5407257080078,43798.1171875,37.673824310302734,233.03334045410156
2021-08-09,142.49195861816406,46365.40234375,38.767784118652344,237.9199981689453
2021-08-10,142.0140380859375,45585.03125,40.63979721069336,236.663330078125
2021-08-11,142.26763916015625,45593.63671875,41.74411392211914,235.94000244140625
2021-08-12,145.22303771972656,44428.2890625,41.099361419677734,240.75
2021-08-13,145.4278106689453,47793.3203125,44.894500732421875,239.05667114257812
2021-08-14,145.4278106689453,47096.9453125,44.112850189208984,239.05667114257812
2021-08-15,145.4278106689453,47047.00390625,53.74515914916992,239.05667114257812
2021-08-16,147.3980712890625,46004.484375,62.432464599609375,228.72332763671875
2021-08-17,146.4910125732422,44695.359375,64.21070861816406,221.90333557128906
2021-08-18,142.7552947998047,44801.1875,72.5433120727539,229.663330078125
2021-08-19,143.08692932128906,46717.578125,72.75760650634766,224.49000549316406
2021-08-20,144.5402374267578,49339.17578125,78.72461700439453,226.75332641601562
2021-08-21,144.5402374267578,48905.4921875,73.75621032714844,226.75332641601562
2021-08-22,144.5402374267578,49321.65234375,72.80391693115234,226.75332641601562
2021-08-23,146.0227813720703,49546.1484375,75.70803833007812,235.43333435058594
2021-08-24,145.93504333496094,47706.1171875,70.67090606689453,236.163330078125
2021-08-25,144.70606994628906,48960.7890625,71.95156860351562,237.06666564941406
2021-08-26,143.90628051757812,46942.21875,75.31620788574219,233.72000122070312
2021-08-27,144.94015502929688,49058.66796875,88.08698272705078,237.30667114257812
2021-08-28,144.94015502929688,48902.40234375,96.70317077636719,237.30667114257812
2021-08-29,144.94015502929688,48829.83203125,94.46967315673828,237.30667114257812
2021-08-30,149.3488311767578,47054.984375,110.54480743408203,243.6366729736328
2021-08-31,148.09059143066406,47166.6875,108.48377227783203,245.24000549316406
2021-09-01,148.75384521484375,48847.02734375,111.03300476074219,244.69667053222656
2021-09-02,149.86578369140625,49327.72265625,128.10238647460938,244.1300048828125
2021-09-03,150.49978637695312,50025.375,146.5830535888672,244.52333068847656
2021-09-04,150.49978637695312,49944.625,139.11306762695312,244.52333068847656
2021-09-05,150.49978637695312,51753.41015625,142.0708770751953,244.52333068847656
2021-09-06,150.49978637695312,52633.53515625,164.38092041015625,244.52333068847656
2021-09-07,152.83091735839844,46811.12890625,173.14892578125,250.97332763671875
2021-09-08,151.2898406982422,46091.390625,191.04139709472656,251.2899932861328
2021-09-09,150.2754364013672,46391.421875,188.19580078125,251.6199951171875
2021-09-10,145.30105590820312,44883.91015625,179.865234375,245.42333984375
2021-09-11,145.30105590820312,45201.45703125,178.8678741455078,245.42333984375
2021-09-12,145.30105590820312,46063.26953125,174.53762817382812,245.42333984375
2021-09-13,145.86676025390625,44963.07421875,169.26954650878906,247.6666717529297
2021-09-14,144.47195434570312,47092.4921875,158.09481811523438,248.163330078125
2021-09-15,145.3595428466797,48176.34765625,159.1173858642578,251.94332885742188
2021-09-16,145.12547302246094,47783.359375,152.47406005859375,252.3300018310547
2021-09-17,142.46273803710938,47267.51953125,147.5930633544922,253.163330078125
2021-09-18,142.46273803710938,48278.36328125,169.18421936035156,253.163330078125
2021-09-19,142.46273803710938,47260.21875,152.51669311523438,253.163330078125
2021-09-20,139.41957092285156,42843.80078125,132.13446044921875,243.38999938964844
2021-09-21,139.89747619628906,40693.67578125,123.95039367675781,246.4600067138672
2021-09-22,142.2578887939453,43574.5078125,147.92425537109375,250.64666748046875
2021-09-23,143.21376037597656,44895.09765625,149.75357055664062,251.2133331298828
2021-09-24,143.30154418945312,42839.75,139.39564514160156,258.1300048828125
2021-09-25,143.30154418945312,42716.59375,136.17892456054688,258.1300048828125
2021-09-26,143.30154418945312,43208.5390625,135.69937133789062,258.1300048828125
2021-09-27,141.7897186279297,42235.73046875,136.72842407226562,263.78668212890625
2021-09-28,138.4149169921875,41034.54296875,131.53721618652344,259.1866760253906
2021-09-29,139.312255859375,41564.36328125,135.35145568847656,260.4366760253906
2021-09-30,138.01502990722656,43790.89453125,141.0690460205078,258.49334716796875
2021-10-01,139.1366729736328,48116.94140625,161.682373046875,258.40667724609375
2021-10-02,139.1366729736328,47711.48828125,169.093017578125,258.40667724609375
2021-10-03,139.1366729736328,48199.953125,172.5891571044922,258.40667724609375
2021-10-04,135.713134765625,49112.90234375,166.73191833496094,260.510009765625
2021-10-05,137.6345977783203,51514.8125,164.11582946777344,260.1966552734375
2021-10-06,138.50270080566406,55361.44921875,154.1077423095703,260.9166564941406
2021-10-07,139.76092529296875,53805.984375,154.28118896484375,264.53668212890625
2021-10-08,139.38052368164062,53967.84765625,158.94920349121094,261.8299865722656
2021-10-09,139.38052368164062,54968.22265625,156.82583618164062,261.8299865722656
2021-10-10,139.38052368164062,54771.578125,148.0487060546875,261.8299865722656
2021-10-11,139.29275512695312,57484.7890625,144.85813903808594,263.9800109863281
2021-10-12,138.02479553222656,56041.05859375,152.73712158203125,268.5733337402344
2021-10-13,137.43954467773438,57401.09765625,148.17604064941406,270.3599853515625
2021-10-14,140.21937561035156,57321.5234375,149.75680541992188,272.7733459472656
2021-10-15,141.27273559570312,61593.94921875,162.59620666503906,281.010009765625
2021-10-16,141.27273559570312,60892.1796875,157.538818359375,281.010009765625
2021-10-17,141.27273559570312,61553.6171875,159.74380493164062,281.010009765625
2021-10-18,142.94064331054688,62026.078125,157.2312774658203,290.03668212890625
2021-10-19,145.09617614746094,64261.9921875,156.01702880859375,288.0899963378906
2021-10-20,145.5839080810547,65992.8359375,175.94686889648438,288.6000061035156
2021-10-21,145.7984619140625,62210.171875,190.3184356689453,298.0
2021-10-22,145.02792358398438,60692.265625,196.43153381347656,303.2266540527344
2021-10-23,145.02792358398438,61393.6171875,197.703857421875,303.2266540527344
2021-10-24,145.02792358398438,60930.8359375,202.3619842529297,303.2266540527344
2021-10-25,144.97915649414062,63039.82421875,210.1042938232422,341.6199951171875
2021-10-26,145.64242553710938,60363.79296875,199.8072509765625,339.4766540527344
2021-10-27,145.18399047851562,58482.38671875,183.77459716796875,345.9533386230469
2021-10-28,148.81239318847656,60622.13671875,194.86398315429688,359.0133361816406
2021-10-29,146.11061096191406,62227.96484375,200.18275451660156,371.3333435058594
2021-10-30,146.11061096191406,61888.83203125,195.4160614013672,371.3333435058594
2021-10-31,146.11061096191406,61318.95703125,202.4210205078125,371.3333435058594
2021-11-01,145.29129028320312,61004.40625,203.5450897216797,402.86334228515625
2021-11-02,146.32516479492188,63226.40234375,220.23959350585938,390.6666564941406
2021-11-03,147.75900268554688,62970.046875,242.89881896972656,404.6199951171875
2021-11-04,147.24203491210938,61452.23046875,247.3877716064453,409.9700012207031
2021-11-05,147.76950073242188,61125.67578125,236.47433471679688,407.36334228515625
2021-11-06,147.76950073242188,61527.48046875,258.934326171875,407.36334228515625
2021-11-07,147.76950073242188,63326.98828125,249.823486328125,407.36334228515625
2021-11-08,146.948974609375,67566.828125,248.46717834472656,387.64666748046875
2021-11-09,147.31036376953125,66971.828125,239.213134765625,341.1666564941406
2021-11-10,144.48745727539062,64995.23046875,233.77952575683594,355.98333740234375
2021-11-11,144.43861389160156,64949.9609375,234.24075317382812,354.5033264160156
2021-11-12,146.50942993164062,64155.94140625,228.50209045410156,344.47332763671875
2021-11-13,146.50942993164062,64469.52734375,241.8250274658203,344.47332763671875
2021-11-14,146.50942993164062,65466.83984375,238.42552185058594,344.47332763671875
2021-11-15,146.51919555664062,63557.87109375,237.55360412597656,337.7966613769531
2021-11-16,147.4960174560547,60161.24609375,219.23902893066406,351.57666015625
2021-11-17,149.9281768798828,60368.01171875,218.71524047851562,363.0033264160156
2021-11-18,154.20655822753906,56942.13671875,195.48741149902344,365.4599914550781
2021-11-19,156.82435607910156,58119.578125,215.28001403808594,379.0199890136719
2021-11-20,156.82435607910156,59697.1953125,218.01527404785156,379.0199890136719
2021-11-21,156.82435607910156,58730.4765625,231.28262329101562,379.0199890136719
2021-11-22,157.2834930419922,56289.2890625,215.73727416992188,385.6233215332031
2021-11-23,157.66441345214844,57569.07421875,221.83689880371094,369.6766662597656
2021-11-24,158.18209838867188,56280.42578125,214.92153930664062,372.0
2021-11-25,158.18209838867188,57274.6796875,206.25299072265625,372.0
2021-11-26,153.1711883544922,53569.765625,191.51174926757812,360.6400146484375
2021-11-27,153.1711883544922,54815.078125,193.10215759277344,360.6400146484375
2021-11-28,153.1711883544922,57248.45703125,200.67665100097656,360.6400146484375
2021-11-29,156.52159118652344,57806.56640625,204.31936645507812,378.9966735839844
2021-11-30,161.46414184570312,57005.42578125,208.67098999023438,381.586669921875
2021-12-01,160.9464569091797,57229.828125,229.7992401123047,365.0
2021-12-02,159.9598846435547,56477.81640625,233.9930419921875,361.5333251953125
2021-12-03,158.08445739746094,53598.24609375,211.22439575195312,338.3233337402344
2021-12-04,158.08445739746094,49200.703125,201.1248321533203,338.3233337402344
2021-12-05,158.08445739746094,49368.84765625,196.1682586669922,338.3233337402344
2021-12-06,161.4836883544922,50582.625,194.19921875,336.336669921875
2021-12-07,167.20770263671875,50700.0859375,190.59690856933594,350.5833435058594
2021-12-08,171.01722717285156,50504.796875,194.6217041015625,356.32000732421875
2021-12-09,170.50926208496094,47672.12109375,181.17808532714844,334.6000061035156
2021-12-10,175.28578186035156,47243.3046875,167.954833984375,339.010009765625
2021-12-11,175.28578186035156,49362.5078125,171.94949340820312,339.010009765625
2021-12-12,175.28578186035156,50098.3359375,173.43167114257812,339.010009765625
2021-12-13,171.66189575195312,46737.48046875,155.2130584716797,322.13665771484375
2021-12-14,170.2846221923828,46612.6328125,153.34144592285156,319.5033264160156
2021-12-15,175.1392822265625,48896.72265625,178.34078979492188,325.3299865722656
2021-12-16,168.26263427734375,47665.42578125,176.9546661376953,308.97332763671875
2021-12-17,167.16864013671875,46202.14453125,175.5032958984375,310.8566589355469
2021-12-18,167.16864013671875,46848.77734375,182.8351287841797,310.8566589355469
2021-12-19,167.16864013671875,46707.015625,180.09805297851562,310.8566589355469
2021-12-20,165.81088256835938,46880.27734375,173.67178344726562,299.9800109863281
2021-12-21,168.97569274902344,48936.61328125,180.09254455566406,312.84332275390625
2021-12-22,171.56422424316406,48628.51171875,178.5971221923828,336.2900085449219
2021-12-23,172.1893310546875,50784.5390625,190.03631591796875,355.6666564941406
2021-12-24,172.1893310546875,50822.1953125,190.273193359375,355.6666564941406
2021-12-25,172.1893310546875,50429.859375,193.1209259033203,355.6666564941406
2021-12-26,172.1893310546875,50809.515625,198.000732421875,355.6666564941406
2021-12-27,176.14537048339844,50640.41796875,195.42950439453125,364.64666748046875
2021-12-28,175.12953186035156,47588.85546875,177.42562866210938,362.8233337402344
2021-12-29,175.21737670898438,46444.7109375,170.65756225585938,362.0633239746094
2021-12-30,174.0648193359375,47178.125,172.75119018554688,356.7799987792969
2021-12-31,173.449462890625,46306.4453125,170.299072265625,352.260009765625
2022-01-01,173.449462890625,47686.8125,178.5179443359375,352.260009765625
2022-01-02,173.449462890625,47345.21875,176.38284301757812,352.260009765625
2022-01-03,177.78639221191406,46458.1171875,170.29774475097656,399.9266662597656
2022-01-04,175.530029296875,45897.57421875,167.93890380859375,383.1966552734375
2022-01-05,170.86093139648438,43569.00390625,155.0997314453125,362.7066650390625
2022-01-06,168.00868225097656,43160.9296875,150.4313507080078,354.8999938964844
2022-01-07,168.17469787597656,41557.90234375,136.40281677246094,342.32000732421875
2022-01-08,168.17469787597656,41733.94140625,142.51345825195312,342.32000732421875
2022-01-09,168.17469787597656,41911.6015625,140.83900451660156,342.32000732421875
2022-01-10,168.1942596435547,41821.26171875,135.95494079589844,352.7066650390625
2022-01-11,171.01722717285156,42735.85546875,140.18385314941406,354.79998779296875
2022-01-12,171.4567413330078,43949.1015625,151.70310974121094,368.739990234375
2022-01-13,168.1942596435547,42591.5703125,146.01004028320312,343.85333251953125
2022-01-14,169.05384826660156,43099.69921875,146.15902709960938,349.8699951171875
2022-01-15,169.05384826660156,43177.3984375,147.80117797851562,349.8699951171875
2022-01-16,169.05384826660156,43113.87890625,147.8565216064453,349.8699951171875
2022-01-17,169.05384826660156,42250.55078125,139.92601013183594,349.8699951171875
2022-01-18,165.85971069335938,42375.6328125,141.58718872070312,343.5033264160156
2022-01-19,162.37257385253906,41744.328125,135.79238891601562,331.8833312988281
2022-01-20,160.69247436523438,40680.41796875,127.20528411865234,332.0899963378906
2022-01-21,158.6412353515625,36457.31640625,111.96605682373047,314.6333312988281
2022-01-22,158.6412353515625,35030.25,94.1783676147461,314.6333312988281
2022-01-23,158.6412353515625,36276.8046875,99.5782241821289,314.6333312988281
2022-01-24,157.86956787109375,36654.328125,91.65016174316406,310.0
2022-01-25,156.072265625,36954.00390625,94.72035217285156,306.1333312988281
2022-01-26,155.98434448242188,36852.12109375,92.23804473876953,312.4700012207031
2022-01-27,155.5252685546875,37138.234375,89.63249206542969,276.3666687011719
2022-01-28,166.37745666503906,37784.33203125,91.31289672851562,282.1166687011719
2022-01-29,166.37745666503906,38138.1796875,96.2234878540039,282.1166687011719
2022-01-30,166.37745666503906,37917.6015625,93.29767608642578,282.1166687011719
2022-01-31,170.72415161132812,38483.125,99.73883819580078,312.239990234375
2022-02-01,170.55813598632812,38743.2734375,109.9789810180664,310.4166564941406
2022-02-02,171.7595672607422,36952.984375,101.83760070800781,301.88665771484375
2022-02-03,168.8878173828125,37154.6015625,101.45903778076172,297.0466613769531
2022-02-04,168.60415649414062,41500.875,112.17424774169922,307.7733459472656
2022-02-05,168.60415649414062,41441.1640625,113.89430236816406,307.7733459472656
2022-02-06,168.60415649414062,42412.43359375,115.29975891113281,307.7733459472656
2022-02-07,167.8902130126953,43840.28515625,117.35514831542969,302.4466552734375
2022-02-08,170.9905548095703,44118.4453125,113.5954818725586,307.3333435058594
2022-02-09,172.4087371826172,44338.796875,114.01937866210938,310.6666564941406
2022-02-10,168.34005737304688,43565.11328125,106.20280456542969,301.51666259765625
2022-02-11,164.93650817871094,42407.9375,96.38188171386719,286.6666564941406
2022-02-12,164.93650817871094,42244.46875,95.91820526123047,286.6666564941406
2022-02-13,164.93650817871094,42197.515625,93.24410247802734,286.6666564941406
2022-02-14,165.1712646484375,42586.91796875,96.43327331542969,291.9200134277344
2022-02-15,168.99539184570312,44575.203125,104.87330627441406,307.4766540527344
2022-02-16,168.76065063476562,43961.859375,101.93289947509766,307.7966613769531
2022-02-17,165.1712646484375,40538.01171875,93.4104232788086,292.1166687011719
2022-02-18,163.6259307861328,40030.9765625,90.06546020507812,285.6600036621094
2022-02-19,163.6259307861328,40122.15625,91.49665069580078,285.6600036621094
2022-02-20,163.6259307861328,38431.37890625,90.90141296386719,285.6600036621094
2022-02-21,163.6259307861328,37075.28125,83.12316131591797,285.6600036621094
2022-02-22,160.71139526367188,38286.02734375,86.46538543701172,273.84332275390625
2022-02-23,156.5547637939453,37296.5703125,84.90278625488281,254.67999267578125
2022-02-24,159.1660919189453,38332.609375,89.19474792480469,266.92333984375
2022-02-25,161.2297821044922,39214.21875,92.59882354736328,269.9566650390625
2022-02-26,161.2297821044922,39105.1484375,90.14156341552734,269.9566650390625
2022-02-27,161.2297821044922,37709.78515625,85.51905059814453,269.9566650390625
2022-02-28,161.49383544921875,43193.234375,99.52034759521484,290.1433410644531
2022-03-01,159.615966796875,44354.63671875,98.65355682373047,288.1233215332031
2022-03-02,162.90220642089844,43924.1171875,100.6496353149414,293.2966613769531
2022-03-03,162.57943725585938,42451.7890625,95.53919982910156,279.7633361816406
2022-03-04,159.58665466308594,39137.60546875,88.24597930908203,279.42999267578125
2022-03-05,159.58665466308594,39400.5859375,89.64784240722656,279.42999267578125
2022-03-06,159.58665466308594,38419.984375,84.54218292236328,279.42999267578125
2022-03-07,155.80165100097656,38062.0390625,82.13006591796875,268.1933288574219
2022-03-08,153.98243713378906,38737.26953125,82.2547607421875,274.79998779296875
2022-03-09,159.37147521972656,41982.92578125,88.20206451416016,286.3233337402344
2022-03-10,155.0387420654297,39437.4609375,82.9390869140625,279.4333190917969
2022-03-11,151.33203125,38794.97265625,80.7449951171875,265.1166687011719
2022-03-12,151.33203125,38904.01171875,81.55381774902344,265.1166687011719
2022-03-13,151.33203125,37849.6640625,78.93607330322266,265.1166687011719
2022-03-14,147.31222534179688,39666.75390625,81.17333984375,255.4566650390625
2022-03-15,151.68409729003906,39338.78515625,82.95508575439453,267.2966613769531
2022-03-16,156.08529663085938,41143.9296875,87.90362548828125,280.07666015625
2022-03-17,157.0926513671875,40951.37890625,87.87684631347656,290.5333251953125
2022-03-18,160.37884521484375,41801.15625,89.82203674316406,301.7966613769531
2022-03-19,160.37884521484375,42190.65234375,92.41815185546875,301.7966613769531
2022-03-20,160.37884521484375,41247.82421875,88.61486053466797,301.7966613769531
2022-03-21,161.7481231689453,41077.99609375,88.7572021484375,307.0533447265625
2022-03-22,165.11256408691406,42358.80859375,90.51296997070312,331.32666015625
2022-03-23,166.4720458984375,42892.95703125,95.1026840209961,333.03668212890625
2022-03-24,170.24729919433594,43960.93359375,102.22369384765625,337.97332763671875
2022-03-25,170.8830108642578,44348.73046875,98.6581039428711,336.8800048828125
2022-03-26,170.8830108642578,44500.828125,101.7641830444336,336.8800048828125
2022-03-27,170.8830108642578,46820.4921875,107.08422088623047,336.8800048828125
2022-03-28,171.74368286132812,47128.00390625,106.46525573730469,363.9466552734375
2022-03-29,175.02987670898438,47465.73046875,111.71031188964844,366.5233459472656
2022-03-30,173.86602783203125,47062.6640625,120.6994857788086,364.663330078125
2022-03-31,170.77542114257812,45538.67578125,122.66146087646484,359.20001220703125
2022-04-01,170.48199462890625,46281.64453125,134.43093872070312,361.5299987792969
2022-04-02,170.48199462890625,45868.94921875,132.19886779785156,361.5299987792969
2022-04-03,170.48199462890625,46453.56640625,136.77532958984375,361.5299987792969
2022-04-04,174.5213165283203,46622.67578125,132.41262817382812,381.8166809082031
2022-04-05,171.2155303955078,45555.9921875,126.86223602294922,363.7533264160156
2022-04-06,168.0564727783203,43206.73828125,112.88338470458984,348.586669921875
2022-04-07,168.3596649169922,43503.84765625,118.79651641845703,352.4200134277344
2022-04-08,166.35470581054688,42287.6640625,109.8008804321289,341.8299865722656
2022-04-09,166.35470581054688,42782.13671875,112.97279357910156,341.8299865722656
2022-04-10,166.35470581054688,42207.671875,111.74243927001953,341.8299865722656
2022-04-11,162.10997009277344,39521.90234375,99.33910369873047,325.30999755859375
2022-04-12,163.97804260253906,40127.18359375,103.30638885498047,328.98333740234375
2022-04-13,166.65786743164062,41166.73046875,105.00194549560547,340.7900085449219
2022-04-14,161.6600799560547,39935.515625,100.70780181884766,328.3333435058594
2022-04-15,161.6600799560547,40553.46484375,101.30977630615234,328.3333435058594
2022-04-16,161.6600799560547,40424.484375,102.25731658935547,328.3333435058594
2022-04-17,161.6600799560547,39716.953125,100.40969848632812,328.3333435058594
2022-04-18,161.4449462890625,40826.21484375,102.15853118896484,334.7633361816406
2022-04-19,163.7237548828125,41502.75,108.58203125,342.7166748046875
2022-04-20,163.5574951171875,41374.37890625,105.49700164794922,325.73333740234375
2022-04-21,162.76528930664062,40527.36328125,101.77613830566406,336.260009765625
2022-04-22,158.23695373535156,39740.3203125,100.61205291748047,335.01666259765625
2022-04-23,158.23695373535156,39486.73046875,100.74443817138672,335.01666259765625
2022-04-24,158.23695373535156,39469.29296875,99.23579406738281,335.01666259765625
2022-04-25,159.3030242919922,40458.30859375,101.24763488769531,332.67333984375
2022-04-26,153.35653686523438,38117.4609375,95.78215026855469,292.1400146484375
2022-04-27,153.131591796875,39241.12109375,98.37886810302734,293.836669921875
2022-04-28,160.04632568359375,39773.828125,98.18572998046875,292.5033264160156
2022-04-29,154.18789672851562,38609.82421875,94.01134490966797,290.2533264160156
2022-04-30,154.18789672851562,37714.875,85.09593200683594,290.2533264160156
2022-05-01,154.18789672851562,38469.09375,89.6715087890625,290.2533264160156
2022-05-02,154.49105834960938,38529.328125,87.58101654052734,300.9800109863281
2022-05-03,155.97767639160156,37750.453125,85.84237670898438,303.0833435058594
2022-05-04,162.37408447265625,39698.37109375,92.7708511352539,317.5400085449219
2022-05-05,153.3271942138672,36575.140625,84.59602355957031,291.09332275390625
2022-05-06,154.05198669433594,36040.921875,81.76410675048828,288.54998779296875
2022-05-07,154.05198669433594,35501.953125,78.9834213256836,288.54998779296875
2022-05-08,154.05198669433594,34059.265625,75.22018432617188,288.54998779296875
2022-05-09,148.93914794921875,30296.953125,63.2696533203125,262.3699951171875
2022-05-10,151.33883666992188,31022.90625,66.76615142822266,266.67999267578125
2022-05-11,143.49325561523438,28936.35546875,50.21084976196289,244.6666717529297
2022-05-12,139.6341094970703,29047.751953125,44.683589935302734,242.6666717529297
2022-05-13,144.09075927734375,29283.103515625,48.59355163574219,256.5299987792969
2022-05-14,144.09075927734375,30101.265625,52.4172248840332,256.5299987792969
2022-05-15,144.09075927734375,31305.11328125,58.81126022338867,256.5299987792969
2022-05-16,142.55291748046875,29862.91796875,53.646461486816406,241.4566650390625
2022-05-17,146.17701721191406,30425.857421875,57.12562561035156,253.8699951171875
2022-05-18,137.92987060546875,28720.271484375,49.75621032714844,236.60333251953125
2022-05-19,134.53103637695312,30314.333984375,52.2139778137207,236.47332763671875
2022-05-20,134.76611328125,29200.740234375,49.538509368896484,221.3000030517578
2022-05-21,134.76611328125,29432.2265625,50.3179817199707,221.3000030517578
2022-05-22,134.76611328125,30323.72265625,52.75518035888672,221.3000030517578
2022-05-23,140.17283630371094,29098.91015625,49.05685043334961,224.96665954589844
2022-05-24,137.47927856445312,29655.5859375,49.65333557128906,209.3866729736328
2022-05-25,137.635986328125,29562.361328125,47.982425689697266,219.60000610351562
2022-05-26,140.82907104492188,29267.224609375,43.4912109375,235.91000366210938
2022-05-27,146.56878662109375,28627.57421875,40.981346130371094,253.2100067138672
2022-05-28,146.56878662109375,28814.900390625,44.343162536621094,253.2100067138672
2022-05-29,146.56878662109375,29445.95703125,44.90961456298828,253.2100067138672
2022-05-30,146.56878662109375,31726.390625,47.179443359375,253.2100067138672
2022-05-31,145.7852325439453,31792.310546875,45.76784133911133,252.75332641601562
2022-06-01,145.65789794921875,29799.080078125,40.26966857910156,246.7899932861328
2022-06-02,148.1066131591797,30467.48828125,40.8913459777832,258.3333435058594
2022-06-03,142.39620971679688,29704.390625,38.259220123291016,234.51666259765625
2022-06-04,142.39620971679688,29832.9140625,38.93144607543945,234.51666259765625
2022-06-05,142.39620971679688,29906.662109375,38.480533599853516,234.51666259765625
2022-06-06,143.1406707763672,31370.671875,42.43313217163086,238.27999877929688
2022-06-07,145.65789794921875,31155.478515625,39.43757247924805,238.8866729736328
2022-06-08,144.92327880859375,30214.35546875,38.84336853027344,241.86666870117188
2022-06-09,139.7124786376953,30111.998046875,39.97260665893555,239.7066650390625
2022-06-10,134.31556701660156,29083.8046875,37.08976745605469,232.22999572753906
2022-06-11,134.31556701660156,28360.810546875,33.82111740112305,232.22999572753906
2022-06-12,134.31556701660156,26762.6484375,30.743270874023438,232.22999572753906
2022-06-13,129.1732940673828,22487.388671875,28.19236183166504,215.73666381835938
2022-06-14,130.0352325439453,22206.79296875,29.714618682861328,220.88999938964844
2022-06-15,132.6504669189453,22572.83984375,34.48794174194336,233.0
2022-06-16,127.39067077636719,20381.650390625,29.989742279052734,213.10000610351562
2022-06-17,128.85987854003906,20471.482421875,30.742919921875,216.75999450683594
2022-06-18,128.85987854003906,19017.642578125,31.80793571472168,216.75999450683594
2022-06-19,128.85987854003906,20553.271484375,34.24374771118164,216.75999450683594
2022-06-20,128.85987854003906,20599.537109375,35.4171142578125,216.75999450683594
2022-06-21,133.08140563964844,20710.59765625,36.121158599853516,237.0366668701172
2022-06-22,132.5720977783203,19987.029296875,34.12163543701172,236.086669921875
2022-06-23,135.43215942382812,21085.876953125,38.17523193359375,235.07000732421875
2022-06-24,138.7526092529297,21231.65625,42.2120475769043,245.7066650390625
2022-06-25,138.7526092529297,21502.337890625,42.33281326293945,245.7066650390625
2022-06-26,138.7526092529297,21027.294921875,39.40808868408203,245.7066650390625
2022-06-27,138.7526092529297,20735.478515625,38.45125198364258,244.9199981689453
2022-06-28,134.61920166015625,20280.634765625,35.326438903808594,232.663330078125
2022-06-29,136.37245178222656,20104.0234375,33.8739013671875,228.49000549316406
2022-06-30,133.9139862060547,19784.7265625,33.588417053222656,224.47332763671875
2022-07-01,136.07858276367188,19269.3671875,32.803070068359375,227.26333618164062
2022-07-02,136.07858276367188,19242.255859375,33.35940933227539,227.26333618164062
2022-07-03,136.07858276367188,19297.076171875,33.38593292236328,227.26333618164062
2022-07-04,136.07858276367188,20231.26171875,36.785030364990234,227.26333618164062
2022-07-05,138.6546173095703,20190.115234375,35.39555358886719,233.06666564941406
2022-07-06,139.98672485351562,20548.24609375,37.07356262207031,231.73333740234375
2022-07-07,143.34632873535156,21637.587890625,38.518306732177734,244.5433349609375
2022-07-08,144.02218627929688,21731.1171875,38.286720275878906,250.76333618164062
2022-07-09,144.02218627929688,21592.20703125,38.07196044921875,250.76333618164062
2022-07-10,144.02218627929688,20860.44921875,36.697608947753906,250.76333618164062
2022-07-11,141.8966827392578,19970.556640625,33.463600158691406,234.3433380126953
2022-07-12,142.86639404296875,19323.9140625,32.75759506225586,233.07000732421875
2022-07-13,142.5039825439453,20212.07421875,34.91093826293945,237.0399932861328
2022-07-14,145.42279052734375,20569.919921875,37.10782241821289,238.31333923339844
2022-07-15,147.0879669189453,20836.328125,37.41592788696289,240.06666564941406
2022-07-16,147.0879669189453,21190.31640625,39.57412338256836,240.06666564941406
2022-07-17,147.0879669189453,20779.34375,38.64472198486328,240.06666564941406
2022-07-18,144.05154418945312,22485.689453125,43.746158599853516,240.54666137695312
2022-07-19,147.90090942382812,23389.43359375,44.89987564086914,245.52999877929688
2022-07-20,149.89901733398438,23231.732421875,42.09366989135742,247.5
2022-07-21,152.16159057617188,23164.62890625,43.19059371948242,271.7066650390625
2022-07-22,150.927490234375,22714.978515625,40.61850357055664,272.24334716796875
2022-07-23,150.927490234375,22465.478515625,40.040977478027344,272.24334716796875
2022-07-24,150.927490234375,22609.1640625,41.00658416748047,272.24334716796875
2022-07-25,149.81089782714844,21361.701171875,36.711997985839844,268.4333190917969
2022-07-26,148.48855590820312,21239.75390625,36.190853118896484,258.8599853515625
2022-07-27,153.57208251953125,22930.548828125,40.3078498840332,274.82000732421875
2022-07-28,154.12057495117188,23843.88671875,42.84526824951172,280.8999938964844
2022-07-29,159.1746826171875,23804.6328125,41.926998138427734,297.1499938964844
2022-07-30,159.1746826171875,23656.20703125,43.755889892578125,297.1499938964844
2022-07-31,159.1746826171875,23336.896484375,42.400203704833984,297.1499938964844
2022-08-01,158.19515991210938,23314.19921875,41.78648376464844,297.27667236328125
2022-08-02,156.72598266601562,22978.1171875,39.7545051574707,300.586669921875
2022-08-03,162.72036743164062,22846.5078125,38.54441833496094,307.39666748046875
2022-08-04,162.40695190429688,22630.95703125,38.83067321777344,308.6333312988281
2022-08-05,162.1813201904297,23289.314453125,40.561031341552734,288.1700134277344
2022-08-06,162.1813201904297,22961.279296875,40.0570068359375,288.1700134277344
2022-08-07,162.1813201904297,23175.890625,40.6055908203125,288.1700134277344
2022-08-08,161.71054077148438,23809.486328125,42.17055130004883,290.42333984375
2022-08-09,161.7595672607422,23164.318359375,40.372623443603516,283.3333435058594
2022-08-10,165.9967803955078,23947.642578125,42.365867614746094,294.3566589355469
2022-08-11,165.26116943359375,23957.529296875,42.8217887878418,286.6300048828125
2022-08-12,168.80201721191406,24402.818359375,45.33475875854492,300.0299987792969
2022-08-13,168.80201721191406,24424.068359375,46.485347747802734,300.0299987792969
2022-08-14,168.80201721191406,24319.333984375,44.916568756103516,300.0299987792969
2022-08-15,169.87110900878906,24136.97265625,43.82322311401367,309.32000732421875
2022-08-16,169.7141876220703,23883.291015625,43.15880584716797,306.5633239746094
2022-08-17,171.2050323486328,23335.998046875,40.403053283691406,303.9966735839844
2022-08-18,170.81271362304688,23212.73828125,39.545230865478516,302.8699951171875
2022-08-19,168.2331085205078,20877.552734375,35.8902587890625,296.6666564941406
2022-08-20,168.2331085205078,21166.060546875,35.26973342895508,296.6666564941406
2022-08-21,168.2331085205078,21534.12109375,36.533199310302734,296.6666564941406
2022-08-22,164.3588104248047,21398.908203125,35.47438049316406,289.913330078125
2022-08-23,164.02529907226562,21528.087890625,35.6462516784668,296.4533386230469
2022-08-24,164.31956481933594,21395.01953125,34.957916259765625,297.0966796875
2022-08-25,166.7716522216797,21600.904296875,35.316463470458984,296.07000732421875
2022-08-26,160.48452758789062,20260.01953125,31.726362228393555,288.0899963378906
2022-08-27,160.48452758789062,20041.73828125,31.54243278503418,288.0899963378906
2022-08-28,160.48452758789062,19616.814453125,30.39228630065918,288.0899963378906
2022-08-29,158.2874298095703,20297.994140625,32.46529769897461,284.82000732421875
2022-08-30,155.86476135253906,19796.80859375,31.41205596923828,277.70001220703125
2022-08-31,154.20713806152344,20049.763671875,31.47295570373535,275.6099853515625
2022-09-01,154.93296813964844,20127.140625,31.585678100585938,277.1600036621094
2022-09-02,152.8241424560547,19969.771484375,31.227930068969727,270.2099914550781
2022-09-03,152.8241424560547,19832.087890625,31.10948371887207,270.2099914550781
2022-09-04,152.8241424560547,19986.712890625,32.106956481933594,270.2099914550781
2022-09-05,152.8241424560547,19812.37109375,32.19464874267578,270.2099914550781
2022-09-06,151.56869506835938,18837.66796875,30.891742706298828,274.4200134277344
2022-09-07,152.97129821777344,19290.32421875,32.71091842651367,283.70001220703125
2022-09-08,151.5000457763672,19329.833984375,33.608646392822266,289.260009765625
2022-09-09,154.35426330566406,21381.15234375,34.73976516723633,299.67999267578125
2022-09-10,154.35426330566406,21680.5390625,35.12672805786133,299.67999267578125
2022-09-11,154.35426330566406,21769.255859375,34.96596145629883,299.67999267578125
2022-09-12,160.298095703125,22370.44921875,37.4241828918457,304.4200134277344
2022-09-13,150.8919219970703,20296.70703125,33.430816650390625,292.1300048828125
2022-09-14,152.333740234375,20241.08984375,34.09157180786133,302.6099853515625
2022-09-15,149.4500732421875,19701.2109375,33.04768371582031,303.75
2022-09-16,147.81204223632812,19772.583984375,32.208858489990234,303.3500061035156
2022-09-17,147.81204223632812,20127.576171875,33.75077819824219,303.3500061035156
2022-09-18,147.81204223632812,19419.505859375,31.05985450744629,303.3500061035156
2022-09-19,151.5196533203125,19544.12890625,32.685302734375,309.07000732421875
2022-09-20,153.89329528808594,18890.7890625,31.433040618896484,308.7300109863281
2022-09-21,150.77418518066406,18547.400390625,30.826377868652344,300.79998779296875
2022-09-22,149.81300354003906,19413.55078125,32.408905029296875,288.5899963378906
2022-09-23,147.54722595214844,19297.638671875,33.6766357421875,275.3299865722656
2022-09-24,147.54722595214844,18937.01171875,33.462650299072266,275.3299865722656
2022-09-25,147.54722595214844,18802.09765625,32.33536148071289,275.3299865722656
2022-09-26,147.8807373046875,19222.671875,33.88055419921875,276.010009765625
2022-09-27,148.8517608642578,19110.546875,32.75012969970703,282.94000244140625
2022-09-28,146.96853637695312,19426.720703125,33.23543930053711,287.80999755859375
2022-09-29,139.74960327148438,19573.05078125,33.952449798583984,268.2099914550781
2022-09-30,135.5515899658203,19431.7890625,33.21244430541992,265.25
2022-10-01,135.5515899658203,19312.095703125,32.46939468383789,265.25
2022-10-02,135.5515899658203,19044.107421875,32.05569839477539,265.25
2022-10-03,139.7201690673828,19623.580078125,32.967620849609375,242.39999389648438
2022-10-04,143.30020141601562,20336.84375,34.12247085571289,249.44000244140625
2022-10-05,143.594482421875,20160.716796875,34.073883056640625,240.80999755859375
2022-10-06,142.64308166503906,19955.443359375,33.34281921386719,238.1300048828125
2022-10-07,137.40542602539062,19546.849609375,33.00146484375,223.07000732421875
2022-10-08,137.40542602539062,19416.568359375,32.57793426513672,223.07000732421875
2022-10-09,137.40542602539062,19446.42578125,32.913883209228516,223.07000732421875
2022-10-10,137.7290802001953,19141.484375,31.970834732055664,222.9600067138672
2022-10-11,136.316650390625,19051.41796875,30.77686882019043,216.5
2022-10-12,135.68896484375,19157.4453125,31.165485382080078,217.24000549316406
2022-10-13,140.24986267089844,19382.904296875,30.544519424438477,221.72000122070312
2022-10-14,135.7281951904297,19185.65625,30.007417678833008,204.99000549316406
2022-10-15,135.7281951904297,19067.634765625,29.575347900390625,204.99000549316406
2022-10-16,135.7281951904297,19268.09375,30.168840408325195,204.99000549316406
2022-10-17,139.68096923828125,19550.7578125,31.224876403808594,219.35000610351562
2022-10-18,140.9952850341797,19334.416015625,30.164331436157227,220.19000244140625
2022-10-19,141.10313415527344,19139.53515625,28.900798797607422,222.0399932861328
2022-10-20,140.6421356201172,19053.740234375,28.08509635925293,207.27999877929688
2022-10-21,144.4478302001953,19172.46875,28.10867691040039,214.44000244140625
2022-10-22,144.4478302001953,19208.189453125,28.01386260986328,214.44000244140625
2022-10-23,144.4478302001953,19567.0078125,29.270071029663086,214.44000244140625
2022-10-24,146.58602905273438,19345.572265625,28.3100643157959,211.25
2022-10-25,149.420654296875,20095.857421875,30.93997573852539,222.4199981689453
2022-10-26,146.48794555664062,20770.44140625,31.28472137451172,224.63999938964844
2022-10-27,142.025146484375,20285.8359375,30.630624771118164,225.08999633789062
2022-10-28,152.75550842285156,20595.3515625,32.111263275146484,228.52000427246094
2022-10-29,152.75550842285156,20818.4765625,32.85712814331055,228.52000427246094
2022-10-30,152.75550842285156,20635.603515625,32.9659309387207,228.52000427246094
2022-10-31,150.40150451660156,20495.7734375,32.61103820800781,227.5399932861328
2022-11-01,147.76304626464844,20485.2734375,32.2484245300293,227.82000732421875
2022-11-02,142.25074768066406,20159.50390625,30.788076400756836,214.97999572753906
2022-11-03,136.21859741210938,20209.98828125,30.84387969970703,215.30999755859375
2022-11-04,135.95330810546875,21147.23046875,33.780853271484375,207.47000122070312
2022-11-05,135.95330810546875,21282.69140625,36.76576232910156,207.47000122070312
2022-11-06,135.95330810546875,20926.486328125,32.6835823059082,207.47000122070312
2022-11-07,136.48387145996094,20602.81640625,29.60134506225586,197.0800018310547
2022-11-08,137.0537109375,18541.271484375,24.152936935424805,191.3000030517578
2022-11-09,132.50485229492188,15880.7802734375,13.94085693359375,177.58999633789062
2022-11-10,144.29446411132812,17586.771484375,17.681407928466797,190.72000122070312
2022-11-11,147.0748291015625,17034.29296875,16.326745986938477,195.97000122070312
2022-11-12,147.0748291015625,16799.185546875,14.53900146484375,195.97000122070312
2022-11-13,147.0748291015625,16353.365234375,13.164528846740723,195.97000122070312
2022-11-14,145.6797332763672,16618.19921875,14.00135612487793,190.9499969482422
2022-11-15,147.40884399414062,16884.61328125,14.301294326782227,194.4199981689453
2022-11-16,146.18077087402344,16669.439453125,14.285508155822754,186.9199981689453
2022-11-17,148.07691955566406,16687.517578125,13.638734817504883,183.1699981689453
2022-11-18,148.6369171142578,16697.77734375,13.247496604919434,180.19000244140625
2022-11-19,148.6369171142578,16711.546875,12.851014137268066,180.19000244140625
2022-11-20,148.6369171142578,16291.83203125,12.252833366394043,180.19000244140625
2022-11-21,145.41448974609375,15787.2841796875,11.846208572387695,167.8699951171875
2022-11-22,147.54637145996094,16189.76953125,12.435625076293945,169.91000366210938
2022-11-23,148.42079162597656,16610.70703125,14.35151195526123,183.1999969482422
2022-11-24,148.42079162597656,16604.46484375,14.582350730895996,183.1999969482422
2022-11-25,145.51271057128906,16521.841796875,14.063138008117676,182.86000061035156
2022-11-26,145.51271057128906,16464.28125,14.159193992614746,182.86000061035156
2022-11-27,145.51271057128906,16444.626953125,14.115766525268555,182.86000061035156
2022-11-28,141.69094848632812,16217.322265625,13.404518127441406,182.9199981689453
2022-11-29,138.6944122314453,16444.982421875,13.369733810424805,180.8300018310547
2022-11-30,145.43411254882812,17168.56640625,14.115445137023926,194.6999969482422
2022-12-01,145.709228515625,16967.1328125,13.480968475341797,194.6999969482422
2022-12-02,145.21795654296875,17088.66015625,13.7156400680542,194.86000061035156
2022-12-03,145.21795654296875,16908.236328125,13.302457809448242,194.86000061035156
2022-12-04,145.21795654296875,17130.486328125,13.718218803405762,194.86000061035156
2022-12-05,144.05868530273438,16974.826171875,13.8311128616333,182.4499969482422
2022-12-06,140.40391540527344,17089.50390625,14.288854598999023,179.82000732421875
2022-12-07,138.4684295654297,16848.126953125,13.5196533203125,174.0399932861328
2022-12-08,140.14845275878906,17233.474609375,13.68922233581543,173.44000244140625
2022-12-09,139.66705322265625,17133.15234375,13.580187797546387,179.0500030517578
2022-12-10,139.66705322265625,17128.724609375,13.576995849609375,179.0500030517578
2022-12-11,139.66705322265625,17104.193359375,13.427809715270996,179.0500030517578
2022-12-12,141.95619201660156,17206.4375,13.318544387817383,167.82000732421875
2022-12-13,142.91903686523438,17781.318359375,13.833986282348633,160.9499969482422
2022-12-14,140.69863891601562,17815.650390625,14.140525817871094,156.8000030517578
2022-12-15,134.10629272460938,17364.865234375,14.02151107788086,157.6699981689453
2022-12-16,132.1511993408203,16647.484375,12.266606330871582,150.22999572753906
2022-12-17,132.1511993408203,16795.091796875,12.504404067993164,150.22999572753906
2022-12-18,132.1511993408203,16757.9765625,12.41312026977539,150.22999572753906
2022-12-19,130.04872131347656,16439.6796875,11.932655334472656,149.8699951171875
2022-12-20,129.97996520996094,16906.3046875,12.28051471710205,137.8000030517578
2022-12-21,133.07472229003906,16817.53515625,12.128985404968262,137.57000732421875
2022-12-22,129.9111785888672,16830.341796875,11.794829368591309,125.3499984741211
2022-12-23,129.5476837158203,16796.953125,11.786166191101074,123.1500015258789
2022-12-24,129.5476837158203,16847.755859375,11.444275856018066,123.1500015258789
2022-12-25,129.5476837158203,16841.986328125,11.387903213500977,123.1500015258789
2022-12-26,129.5476837158203,16919.8046875,11.306611061096191,123.1500015258789
2022-12-27,127.74976348876953,16717.173828125,11.085430145263672,109.0999984741211
2022-12-28,123.82971954345703,16552.572265625,9.755906105041504,112.70999908447266
2022-12-29,127.33712005615234,16642.341796875,9.651782989501953,121.81999969482422
2022-12-30,127.65151977539062,16602.5859375,9.880176544189453,123.18000030517578
2022-12-31,127.65151977539062,16547.49609375,9.961038589477539,123.18000030517578
2023-01-01,127.65151977539062,16625.080078125,9.982172966003418,123.18000030517578
2023-01-02,127.65151977539062,16688.470703125,11.272967338562012,123.18000030517578
2023-01-03,122.87674713134766,16679.857421875,13.344045639038086,108.0999984741211
2023-01-04,124.14413452148438,16863.23828125,13.435112953186035,113.63999938964844
2023-01-05,122.82762908935547,16836.736328125,13.419329643249512,110.33999633789062
2023-01-06,127.34695434570312,16951.96875,13.52584171295166,113.05999755859375
2023-01-07,127.34695434570312,16955.078125,13.092267990112305,113.05999755859375
2023-01-08,127.34695434570312,17091.14453125,14.31993293762207,113.05999755859375
2023-01-09,127.86763763427734,17196.5546875,16.30246353149414,119.7699966430664
2023-01-10,128.43748474121094,17446.29296875,16.19672393798828,118.8499984741211
2023-01-11,131.14907836914062,17934.896484375,16.35941505432129,123.22000122070312
2023-01-12,131.0704803466797,18869.587890625,16.619043350219727,123.55999755859375
2023-01-13,132.39682006835938,19909.57421875,18.28844451904297,122.4000015258789
2023-01-14,132.39682006835938,20976.298828125,24.24945831298828,122.4000015258789
2023-01-15,132.39682006835938,20880.798828125,22.873306274414062,122.4000015258789
2023-01-16,132.39682006835938,21169.6328125,23.577564239501953,122.4000015258789
2023-01-17,133.55612182617188,21161.51953125,22.884063720703125,131.49000549316406
2023-01-18,132.8389129638672,20688.78125,20.85063362121582,128.77999877929688
2023-01-19,132.8979034423828,21086.79296875,21.42676544189453,127.16999816894531
2023-01-20,135.4522705078125,22676.552734375,25.54827117919922,133.4199981689453
2023-01-21,135.4522705078125,22777.625,24.627838134765625,133.4199981689453
2023-01-22,135.4522705078125,22720.416015625,24.232789993286133,133.4199981689453
2023-01-23,138.63546752929688,22934.431640625,24.357807159423828,143.75
2023-01-24,140.03057861328125,22636.46875,22.795673370361328,143.88999938964844
2023-01-25,139.372314453125,23117.859375,24.57144546508789,144.42999267578125
2023-01-26,141.4355010986328,23032.77734375,24.350696563720703,160.27000427246094
2023-01-27,143.3709259033203,23078.728515625,24.40785789489746,177.89999389648438
2023-01-28,143.3709259033203,23031.08984375,23.981801986694336,177.89999389648438
2023-01-29,143.3709259033203,23774.56640625,26.132387161254883,177.89999389648438
2023-01-30,140.4923095703125,22840.138671875,23.946321487426758,166.66000366210938
2023-01-31,141.7597198486328,23139.283203125,23.952547073364258,173.22000122070312
2023-02-01,142.87969970703125,23723.76953125,24.993358612060547,181.41000366210938
2023-02-02,148.17518615722656,23471.87109375,24.265058517456055,188.27000427246094
2023-02-03,151.79063415527344,23449.322265625,24.680896759033203,189.97999572753906
2023-02-04,151.79063415527344,23331.84765625,24.317745208740234,189.97999572753906
2023-02-05,151.79063415527344,22955.666015625,23.493438720703125,189.97999572753906
2023-02-06,149.06919860839844,22760.109375,22.706388473510742,194.75999450683594
2023-02-07,151.93797302246094,23264.291015625,23.861356735229492,196.80999755859375
2023-02-08,149.2559051513672,22939.3984375,23.192670822143555,201.2899932861328
2023-02-09,148.2242889404297,21819.0390625,20.45212745666504,207.32000732421875
2023-02-10,148.58836364746094,21651.18359375,20.130109786987305,196.88999938964844
2023-02-11,148.58836364746094,21870.875,20.830095291137695,196.88999938964844
2023-02-12,148.58836364746094,21788.203125,21.489978790283203,196.88999938964844
2023-02-13,151.38284301757812,21808.1015625,20.79010009765625,194.63999938964844
2023-02-14,150.74327087402344,22220.8046875,21.824953079223633,209.25
2023-02-15,152.839111328125,24307.841796875,23.883901596069336,214.24000549316406
2023-02-16,151.24508666992188,23623.474609375,22.285951614379883,202.0399932861328
2023-02-17,150.1037139892578,24565.6015625,23.166757583618164,208.30999755859375
2023-02-18,150.1037139892578,24641.27734375,23.478591918945312,208.30999755859375
2023-02-19,150.1037139892578,24327.642578125,24.84075164794922,208.30999755859375
2023-02-20,150.1037139892578,24829.1484375,26.181386947631836,208.30999755859375
2023-02-21,146.0989532470703,24436.353515625,24.948558807373047,197.3699951171875
2023-02-22,146.52207946777344,24188.84375,24.18134880065918,200.86000061035156
2023-02-23,147.0041961669922,23947.4921875,23.900800704956055,202.07000732421875
2023-02-24,144.35731506347656,23198.126953125,23.053035736083984,196.8800048828125
2023-02-25,144.35731506347656,23175.375,22.523399353027344,196.8800048828125
2023-02-26,144.35731506347656,23561.212890625,23.256088256835938,196.8800048828125
2023-02-27,145.54791259765625,23522.87109375,22.692588806152344,207.6300048828125
2023-02-28,145.04608154296875,23147.353515625,21.9163875579834,205.7100067138672
2023-03-01,142.97975158691406,23646.55078125,22.506431579589844,202.77000427246094
2023-03-02,143.57017517089844,23475.466796875,21.984878540039062,190.89999389648438
2023-03-03,148.60809326171875,22362.6796875,21.39935302734375,197.7899932861328
2023-03-04,148.60809326171875,22353.349609375,20.966838836669922,197.7899932861328
2023-03-05,148.60809326171875,22435.513671875,20.97858428955078,197.7899932861328
2023-03-06,151.3631591796875,22429.7578125,20.635011672973633,193.80999755859375
2023-03-07,149.1688995361328,22219.76953125,20.244731903076172,187.7100067138672
2023-03-08,150.41854858398438,21718.080078125,18.421194076538086,182.0
2023-03-09,148.17510986328125,20363.021484375,17.308147430419922,172.9199981689453
2023-03-10,146.11865234375,20187.244140625,18.243642807006836,173.44000244140625
2023-03-11,146.11865234375,20632.41015625,18.22584342956543,173.44000244140625
2023-03-12,146.11865234375,22163.94921875,20.310531616210938,173.44000244140625
2023-03-13,148.05703735351562,24197.533203125,20.433712005615234,174.47999572753906
2023-03-14,150.14305114746094,24746.07421875,20.92803382873535,183.25999450683594
2023-03-15,150.53660583496094,24375.9609375,19.29098129272461,180.4499969482422
2023-03-16,153.35076904296875,25052.7890625,19.73054313659668,184.1300048828125
2023-03-17,152.514404296875,27423.9296875,21.62910270690918,180.1300048828125
2023-03-18,152.514404296875,26965.87890625,21.19590187072754,180.1300048828125
2023-03-19,152.514404296875,28038.67578125,21.90340232849121,180.1300048828125
2023-03-20,154.8759002685547,27767.236328125,22.176464080810547,183.25
2023-03-21,156.72576904296875,28175.81640625,22.618267059326172,197.5800018310547
2023-03-22,155.29898071289062,27307.4375,21.480485916137695,191.14999389648438
2023-03-23,156.38137817382812,28333.97265625,22.216777801513672,192.22000122070312
2023-03-24,157.68020629882812,27493.28515625,20.678855895996094,190.41000366210938
2023-03-25,157.68020629882812,27494.70703125,20.446645736694336,190.41000366210938
2023-03-26,157.68020629882812,27994.330078125,20.97551918029785,190.41000366210938
2023-03-27,155.7418212890625,27139.888671875,19.921674728393555,191.80999755859375
2023-03-28,155.1218719482422,27268.130859375,20.4706974029541,189.19000244140625
2023-03-29,158.19187927246094,28348.44140625,21.111467361450195,193.8800048828125
2023-03-30,159.75634765625,28033.5625,20.55104637145996,195.27999877929688
2023-03-31,162.25563049316406,28478.484375,21.170495986938477,207.4600067138672
2023-04-01,162.25563049316406,28411.03515625,20.97564125061035,207.4600067138672
2023-04-02,162.25563049316406,28199.30859375,20.536975860595703,207.4600067138672
2023-04-03,163.50526428222656,27790.220703125,20.443050384521484,194.77000427246094
2023-04-04,162.9739532470703,28168.08984375,20.924619674682617,192.5800018310547
2023-04-05,161.1339111328125,28177.984375,20.966007232666016,185.52000427246094
2023-04-06,162.01950073242188,28044.140625,20.61012840270996,185.05999755859375
2023-04-07,162.01950073242188,27925.859375,20.469940185546875,185.05999755859375
2023-04-08,162.01950073242188,27947.794921875,20.036449432373047,185.05999755859375
2023-04-09,162.01950073242188,28333.05078125,20.29946517944336,185.05999755859375
2023-04-10,159.431640625,29652.98046875,20.882356643676758,184.50999450683594
2023-04-11,158.22137451171875,30235.05859375,23.018827438354492,186.7899932861328
2023-04-12,157.53262329101562,30139.052734375,23.985305786132812,180.5399932861328
2023-04-13,162.905029296875,30399.06640625,24.432308197021484,185.89999389648438
2023-04-14,162.56068420410156,30485.69921875,24.772722244262695,185.0
2023-04-15,162.56068420410156,30318.49609375,24.079378128051758,185.0
2023-04-16,162.56068420410156,30315.35546875,25.361927032470703,185.0
2023-04-17,162.58033752441406,29445.044921875,24.55884552001953,187.0399932861328
2023-04-18,163.80047607421875,30397.552734375,24.852689743041992,184.30999755859375
2023-04-19,164.94186401367188,28822.6796875,22.71283531188965,180.58999633789062
2023-04-20,163.97755432128906,28245.98828125,22.181440353393555,162.99000549316406
2023-04-21,162.3737335205078,27276.91015625,21.278135299682617,165.0800018310547
2023-04-22,162.3737335205078,27817.5,21.816287994384766,165.0800018310547
2023-04-23,162.3737335205078,27591.384765625,21.480138778686523,165.0800018310547
2023-04-24,162.67877197265625,27525.33984375,21.391069412231445,162.5500030517578
2023-04-25,161.14376831054688,28307.59765625,21.92725372314453,160.6699981689453
2023-04-26,161.1339111328125,28422.701171875,21.28301239013672,153.75
2023-04-27,165.70933532714844,29473.787109375,22.34011459350586,160.19000244140625
2023-04-28,166.958984375,29340.26171875,23.366287231445312,164.30999755859375
2023-04-29,166.958984375,29248.48828125,23.18299674987793,164.30999755859375
2023-04-30,166.958984375,29268.806640625,22.832014083862305,164.30999755859375
2023-05-01,166.8704071044922,28091.568359375,21.98663330078125,161.8300018310547
2023-05-02,165.8372802734375,28680.537109375,22.264978408813477,160.30999755859375
2023-05-03,164.7647247314453,29006.30859375,22.218002319335938,160.61000061035156
2023-05-04,163.13134765625,28847.7109375,21.730348587036133,161.1999969482422
2023-05-05,170.78660583496094,29534.384765625,22.82611083984375,170.05999755859375
2023-05-06,170.78660583496094,28904.623046875,21.974262237548828,170.05999755859375
2023-05-07,170.78660583496094,28454.978515625,21.844228744506836,170.05999755859375
2023-05-08,170.7176971435547,27694.2734375,20.65746307373047,171.7899932861328
2023-05-09,169.01547241210938,27658.775390625,20.683645248413086,169.14999389648438
2023-05-10,170.77676391601562,27621.755859375,20.953710556030273,168.5399932861328
2023-05-11,170.96368408203125,27000.7890625,20.234880447387695,172.0800018310547
2023-05-12,170.03750610351562,26804.990234375,20.911794662475586,167.97999572753906
2023-05-13,170.03750610351562,26784.078125,20.86876106262207,167.97999572753906
2023-05-14,170.03750610351562,26930.638671875,20.953397750854492,167.97999572753906
2023-05-15,169.54486083984375,27192.693359375,21.00718879699707,166.35000610351562
2023-05-16,169.54486083984375,27036.650390625,20.679420471191406,166.52000427246094
2023-05-17,170.15573120117188,27398.802734375,21.06839942932129,173.86000061035156
2023-05-18,172.48109436035156,26832.208984375,20.348695755004883,176.88999938964844
2023-05-19,172.58949279785156,26890.12890625,20.349870681762695,180.13999938964844
2023-05-20,172.58949279785156,27129.5859375,20.285446166992188,180.13999938964844
2023-05-21,172.58949279785156,26753.826171875,19.609437942504883,180.13999938964844
2023-05-22,171.64356994628906,26851.27734375,19.54204559326172,188.8699951171875
2023-05-23,169.04229736328125,27225.7265625,20.043182373046875,185.77000427246094
2023-05-24,169.31822204589844,26334.818359375,19.223663330078125,182.89999389648438
2023-05-25,170.4513397216797,26476.20703125,19.260662078857422,184.47000122070312
2023-05-26,172.85552978515625,26719.291015625,19.36695671081543,193.1699981689453
2023-05-27,172.85552978515625,26868.353515625,20.425233840942383,193.1699981689453
2023-05-28,172.85552978515625,28085.646484375,20.7985782623291,193.1699981689453
2023-05-29,172.85552978515625,27745.884765625,20.586509704589844,193.1699981689453
2023-05-30,174.69808959960938,27702.349609375,21.25408363342285,201.16000366210938
2023-05-31,174.64883422851562,27219.658203125,20.82450294494629,203.92999267578125
2023-06-01,177.4471435546875,26819.97265625,20.50221824645996,207.52000427246094
2023-06-02,178.29454040527344,27249.58984375,21.25759506225586,213.97000122070312
2023-06-03,178.29454040527344,27075.12890625,21.15556526184082,213.97000122070312
2023-06-04,178.29454040527344,27119.06640625,21.8189754486084,213.97000122070312
2023-06-05,176.94464111328125,25760.09765625,20.07505989074707,217.61000061035156
2023-06-06,176.58006286621094,27238.783203125,20.398483276367188,221.30999755859375
2023-06-07,175.21044921875,26345.998046875,18.6342830657959,224.57000732421875
2023-06-08,177.9201202392578,26508.216796875,18.909475326538086,234.86000061035156
2023-06-09,178.30438232421875,26480.375,17.37969970703125,244.39999389648438
2023-06-10,178.30438232421875,25851.240234375,15.65610122680664,244.39999389648438
2023-06-11,178.30438232421875,25940.16796875,15.558775901794434,244.39999389648438
2023-06-12,181.09283447265625,25902.5,15.196707725524902,249.8300018310547
2023-06-13,180.61988830566406,25918.728515625,15.018193244934082,258.7099914550781
2023-06-14,181.25051879882812,25124.67578125,14.486572265625,256.7900085449219
2023-06-15,183.28025817871094,25576.39453125,14.759472846984863,255.89999389648438
2023-06-16,182.20628356933594,26327.462890625,15.30825424194336,260.5400085449219
2023-06-17,182.20628356933594,26510.67578125,15.650521278381348,260.5400085449219
2023-06-18,182.20628356933594,26336.212890625,15.43823528289795,260.5400085449219
2023-06-19,182.20628356933594,26851.029296875,16.073041915893555,260.5400085449219
2023-06-20,182.29493713378906,28327.48828125,16.635231018066406,274.45001220703125
2023-06-21,181.26034545898438,30027.296875,17.25704574584961,259.4599914550781
2023-06-22,184.25575256347656,29912.28125,16.642620086669922,264.6099853515625
2023-06-23,183.94044494628906,30695.46875,17.149534225463867,256.6000061035156
2023-06-24,183.94044494628906,30548.6953125,16.652862548828125,256.6000061035156
2023-06-25,183.94044494628906,30480.26171875,16.97138023376465,256.6000061035156
2023-06-26,182.55113220214844,30271.130859375,16.27002716064453,241.0500030517578
2023-06-27,185.30018615722656,30688.1640625,16.61964988708496,250.2100067138672
2023-06-28,186.47271728515625,30086.24609375,15.98684310913086,256.239990234375
2023-06-29,186.80772399902344,30445.3515625,17.970457077026367,257.5
2023-06-30,191.12344360351562,30477.251953125,18.897321701049805,261.7699890136719
2023-07-01,191.12344360351562,30590.078125,18.683902740478516,261.7699890136719
2023-07-02,191.12344360351562,30620.76953125,19.453594207763672,261.7699890136719
2023-07-03,189.63565063476562,31156.439453125,19.240537643432617,279.82000732421875
2023-07-04,189.63565063476562,30777.58203125,19.14322853088379,279.82000732421875
2023-07-05,188.52220153808594,30514.166015625,18.99286460876465,282.4800109863281
2023-07-06,188.9951629638672,29909.337890625,19.729385375976562,276.5400085449219
2023-07-07,187.88174438476562,30342.265625,21.484664916992188,274.42999267578125
2023-07-08,187.88174438476562,30292.541015625,21.859268188476562,274.42999267578125
2023-07-09,187.88174438476562,30171.234375,21.3490047454834,274.42999267578125
2023-07-10,185.84213256835938,30414.470703125,21.31377601623535,269.6099853515625
2023-07-11,185.31985473632812,30620.951171875,22.092933654785156,269.7900085449219
2023-07-12,186.98507690429688,30391.646484375,21.977602005004883,271.989990234375
2023-07-13,187.7437744140625,31476.048828125,26.02569580078125,277.8999938964844
2023-07-14,187.89158630371094,30334.068359375,26.7357177734375,281.3800048828125
2023-07-15,187.89158630371094,30295.806640625,27.391355514526367,281.3800048828125
2023-07-16,187.89158630371094,30249.1328125,27.384082794189453,281.3800048828125
2023-07-17,191.1431427001953,30145.888671875,26.872766494750977,290.3800048828125
2023-07-18,190.8870086669922,29856.5625,25.544504165649414,293.3399963378906
2023-07-19,192.23687744140625,29913.923828125,26.372352600097656,291.260009765625
2023-07-20,190.2957763671875,29792.015625,25.375167846679688,262.8999938964844
2023-07-21,189.12326049804688,29908.744140625,25.544267654418945,260.0199890136719
2023-07-22,189.12326049804688,29771.802734375,24.535053253173828,260.0199890136719
2023-07-23,189.12326049804688,30084.5390625,24.766815185546875,260.0199890136719
2023-07-24,189.9213409423828,29176.916015625,23.38149070739746,269.05999755859375
2023-07-25,190.77857971191406,29227.390625,23.279321670532227,265.2799987792969
2023-07-26,191.64569091796875,29354.97265625,25.177053451538086,264.3500061035156
2023-07-27,190.38446044921875,29210.689453125,25.099336624145508,255.7100067138672
2023-07-28,192.95616149902344,29319.24609375,24.84685707092285,266.44000244140625
2023-07-29,192.95616149902344,29356.91796875,25.168973922729492,266.44000244140625
2023-07-30,192.95616149902344,29275.30859375,24.261018753051758,266.44000244140625
2023-07-31,193.5670623779297,29230.111328125,23.720956802368164,267.42999267578125
2023-08-01,192.7393798828125,29675.732421875,23.99875259399414,261.07000732421875
2023-08-02,189.75384521484375,29151.958984375,23.145721435546875,254.11000061035156
2023-08-03,188.36456298828125,29178.6796875,22.636049270629883,259.32000732421875
2023-08-04,179.3192596435547,29074.091796875,22.79361915588379,253.86000061035156
2023-08-05,179.3192596435547,29042.126953125,22.632204055786133,253.86000061035156
2023-08-06,179.3192596435547,29041.85546875,23.18569564819336,253.86000061035156
2023-08-07,176.225341796875,29180.578125,23.068756103515625,251.4499969482422
2023-08-08,177.16139221191406,29765.4921875,24.211763381958008,249.6999969482422
2023-08-09,175.5750274658203,29561.494140625,24.37852668762207,242.19000244140625
2023-08-10,175.3582763671875,29429.591796875,24.613052368164062,245.33999633789062
2023-08-11,175.41748046875,29397.71484375,24.582860946655273,242.64999389648438
2023-08-12,175.41748046875,29415.96484375,24.90673065185547,242.64999389648438
2023-08-13,175.41748046875,29282.9140625,24.24288558959961,242.64999389648438
2023-08-14,177.065185546875,29408.443359375,25.142822265625,239.75999450683594
2023-08-15,175.08201599121094,29170.34765625,23.89658546447754,232.9600067138672
2023-08-16,174.21376037597656,28701.779296875,22.811975479125977,225.60000610351562
2023-08-17,171.67803955078125,26664.55078125,21.70997428894043,219.22000122070312
2023-08-18,172.1614990234375,26049.556640625,21.335493087768555,215.49000549316406
2023-08-19,172.1614990234375,26096.205078125,21.879037857055664,215.49000549316406
2023-08-20,172.1614990234375,26189.583984375,21.77327537536621,215.49000549316406
2023-08-21,173.4934844970703,26124.140625,21.20825958251953,231.27999877929688
2023-08-22,174.8649139404297,26031.65625,20.546541213989258,233.19000244140625
2023-08-23,178.7030487060547,26431.640625,21.703624725341797,236.86000061035156
2023-08-24,174.0262908935547,26162.373046875,21.033031463623047,230.0399932861328
2023-08-25,176.22653198242188,26047.66796875,20.392719268798828,238.58999633789062
2023-08-26,176.22653198242188,26008.462890625,20.280424118041992,238.58999633789062
2023-08-27,176.22653198242188,26089.693359375,20.78683853149414,238.58999633789062
2023-08-28,177.78546142578125,26106.150390625,20.557100296020508,238.82000732421875
2023-08-29,181.6630096435547,27727.392578125,21.780763626098633,257.17999267578125
2023-08-30,185.1458740234375,27297.265625,20.834903717041016,256.8999938964844
2023-08-31,185.3629608154297,25931.47265625,19.735092163085938,258.0799865722656
2023-09-01,186.93173217773438,25800.724609375,19.327844619750977,245.00999450683594
2023-09-02,186.93173217773438,25868.798828125,19.493743896484375,245.00999450683594
2023-09-03,186.93173217773438,25969.56640625,19.578746795654297,245.00999450683594
2023-09-04,186.93173217773438,25812.416015625,19.499408721923828,245.00999450683594
2023-09-05,187.1685028076172,25779.982421875,20.272384643554688,256.489990234375
2023-09-06,180.46913146972656,25753.236328125,19.62002944946289,251.9199981689453
2023-09-07,175.1905517578125,26240.1953125,19.890499114990234,251.49000549316406
2023-09-08,175.80226135253906,25905.654296875,19.599044799804688,248.5
2023-09-09,175.80226135253906,25895.677734375,19.44607162475586,248.5
2023-09-10,175.80226135253906,25832.2265625,18.248830795288086,248.5
2023-09-11,176.96652221679688,25162.654296875,17.739166259765625,273.5799865722656
2023-09-12,173.94735717773438,25833.34375,17.929826736450195,267.4800109863281
2023-09-13,171.88525390625,26228.32421875,18.402999877929688,271.29998779296875
2023-09-14,173.3948211669922,26539.673828125,18.838306427001953,276.0400085449219
2023-09-15,172.674560546875,26608.693359375,19.16884422302246,274.3900146484375
2023-09-16,172.674560546875,26568.28125,19.140369415283203,274.3900146484375
2023-09-17,172.674560546875,26534.1875,18.831628799438477,274.3900146484375
2023-09-18,175.5950927734375,26754.28125,19.657245635986328,265.2799987792969
2023-09-19,176.6803741455078,27211.1171875,20.03618812561035,266.5
2023-09-20,173.1481475830078,27132.0078125,20.3049373626709,262.5899963378906
2023-09-21,171.60894775390625,26567.6328125,19.47907066345215,255.6999969482422
2023-09-22,172.45748901367188,26579.568359375,19.43814468383789,244.8800048828125
2023-09-23,172.45748901367188,26579.390625,19.47390365600586,244.8800048828125
2023-09-24,172.45748901367188,26256.826171875,19.374290466308594,244.8800048828125
2023-09-25,173.7302703857422,26298.48046875,19.40414047241211,246.99000549316406
2023-09-26,169.66526794433594,26217.25,19.023286819458008,244.1199951171875
2023-09-27,168.15565490722656,26352.716796875,19.130022048950195,240.5
2023-09-28,168.41220092773438,27021.546875,19.957616806030273,246.3800048828125
2023-09-29,168.92529296875,26911.720703125,20.300655364990234,250.22000122070312
2023-09-30,168.92529296875,26967.916015625,21.3951473236084,250.22000122070312
2023-10-01,168.92529296875,27983.75,23.83648681640625,250.22000122070312
2023-10-02,171.4313507080078,27530.78515625,23.371700286865234,251.60000610351562
2023-10-03,170.09939575195312,27429.978515625,23.55269432067871,246.52999877929688
2023-10-04,171.3425750732422,27799.39453125,23.144786834716797,261.1600036621094
2023-10-05,172.57589721679688,27415.912109375,22.694141387939453,260.04998779296875
2023-10-06,175.12149047851562,27946.59765625,23.424453735351562,260.5299987792969
2023-10-07,175.12149047851562,27968.83984375,23.287302017211914,260.5299987792969
2023-10-08,175.12149047851562,27935.08984375,23.24642562866211,260.5299987792969
2023-10-09,176.60145568847656,27583.677734375,22.118396759033203,259.6700134277344
2023-10-10,176.00946044921875,27391.01953125,22.10511589050293,263.6199951171875
2023-10-11,177.40060424804688,26873.3203125,22.00741958618164,262.989990234375
2023-10-12,178.29849243164062,26756.798828125,21.300268173217773,258.8699951171875
2023-10-13,176.4633331298828,26862.375,21.834917068481445,251.1199951171875
2023-10-14,176.4633331298828,26861.70703125,22.01171875,251.1199951171875
2023-10-15,176.4633331298828,27159.65234375,21.922027587890625,251.1199951171875
2023-10-16,176.33505249023438,28519.466796875,23.98295783996582,253.9199981689453
2023-10-17,174.78599548339844,28415.748046875,23.959318161010742,254.85000610351562
2023-10-18,173.4934844970703,28328.341796875,23.432138442993164,242.67999267578125
2023-10-19,173.11856079101562,28719.806640625,24.93791961669922,220.11000061035156
2023-10-20,170.57298278808594,29682.94921875,27.033674240112305,211.99000549316406
2023-10-21,170.57298278808594,29918.412109375,29.386228561401367,211.99000549316406
2023-10-22,170.57298278808594,29993.896484375,29.03668212890625,211.99000549316406
2023-10-23,170.69139099121094,33086.234375,31.850984573364258,212.0800018310547
2023-10-24,171.1255340576172,33901.52734375,30.15153694152832,216.52000427246094
2023-10-25,168.8167266845703,34502.8203125,32.46306610107422,212.4199981689453
2023-10-26,164.6629180908203,34156.6484375,32.77549362182617,205.75999450683594
2023-10-27,165.9751739501953,33909.80078125,31.73969841003418,207.3000030517578
2023-10-28,165.9751739501953,34089.57421875,31.653318405151367,207.3000030517578
2023-10-29,165.9751739501953,34538.48046875,32.822608947753906,207.3000030517578
2023-10-30,168.01754760742188,34502.36328125,34.962337493896484,197.36000061035156
2023-10-31,168.4911651611328,34667.78125,38.51951599121094,200.83999633789062
2023-11-01,171.64845275878906,35437.25390625,41.461544036865234,205.66000366210938
2023-11-02,175.2003936767578,34938.2421875,40.20756912231445,218.50999450683594
2023-11-03,174.29266357421875,34732.32421875,39.51976013183594,219.9600067138672
2023-11-04,174.29266357421875,35082.1953125,42.346595764160156,219.9600067138672
2023-11-05,174.29266357421875,35049.35546875,41.23860168457031,219.9600067138672
2023-11-06,176.83824157714844,35037.37109375,42.12858963012695,219.27000427246094
2023-11-07,179.39369201660156,35443.5625,43.09254455566406,222.17999267578125
2023-11-08,180.4494171142578,35655.27734375,43.18988800048828,222.11000061035156
2023-11-09,179.97581481933594,36693.125,45.444828033447266,209.97999572753906
2023-11-10,184.15487670898438,37313.96875,56.64385223388672,214.64999389648438
2023-11-11,184.15487670898438,37138.05078125,56.1026611328125,214.64999389648438
2023-11-12,184.15487670898438,37054.51953125,56.15409851074219,214.64999389648438
2023-11-13,182.57412719726562,36502.35546875,51.90705108642578,223.7100067138672
2023-11-14,185.18234252929688,35537.640625,56.838375091552734,237.41000366210938
2023-11-15,185.7454376220703,37880.58203125,65.5344009399414,242.83999633789062
2023-11-16,187.42498779296875,36154.76953125,57.871402740478516,233.58999633789062
2023-11-17,187.40524291992188,36596.68359375,58.41593551635742,234.3000030517578
2023-11-18,187.40524291992188,36585.703125,58.512725830078125,234.3000030517578
2023-11-19,187.40524291992188,37386.546875,61.393558502197266,234.3000030517578
2023-11-20,189.14402770996094,37476.95703125,56.53383255004883,235.60000610351562
2023-11-21,188.34378051757812,35813.8125,52.00047302246094,241.1999969482422
2023-11-22,189.00572204589844,37432.33984375,57.588558197021484,234.2100067138672
2023-11-23,189.00572204589844,37289.62109375,56.599369049072266,234.2100067138672
2023-11-24,187.68185424804688,37720.28125,56.86643981933594,235.4499969482422
2023-11-25,187.68185424804688,37796.79296875,58.84648895263672,235.4499969482422
2023-11-26,187.68185424804688,37479.12109375,57.6427001953125,235.4499969482422
2023-11-27,187.5040283203125,37254.16796875,55.06462097167969,236.0800018310547
2023-11-28,188.10665893554688,37831.0859375,58.19437026977539,246.72000122070312
2023-11-29,187.08909606933594,37858.4921875,59.25012969970703,244.13999938964844
2023-11-30,187.66207885742188,37712.74609375,59.24162292480469,240.0800018310547
2023-12-01,188.9365692138672,38688.75,59.80399703979492,238.8300018310547
2023-12-02,188.9365692138672,39476.33203125,63.83285903930664,238.8300018310547
2023-12-03,188.9365692138672,39978.390625,63.03996658325195,238.8300018310547
2023-12-04,187.1483612060547,41980.09765625,61.526615142822266,235.5800018310547
2023-12-05,191.09030151367188,44080.6484375,60.99483108520508,238.72000122070312
2023-12-06,190.00355529785156,43746.4453125,61.902957916259766,239.3699951171875
2023-12-07,191.93006896972656,43292.6640625,67.83782958984375,242.63999938964844
2023-12-08,193.3527374267578,44166.6015625,75.00243377685547,243.83999633789062
2023-12-09,193.3527374267578,43725.984375,72.25760650634766,243.83999633789062
2023-12-10,193.3527374267578,43779.69921875,74.70588684082031,243.83999633789062
2023-12-11,190.8531951904297,41243.83203125,70.36717224121094,239.74000549316406
2023-12-12,192.3647918701172,41450.22265625,68.54067993164062,237.00999450683594
2023-12-13,195.5756378173828,42890.7421875,70.76778411865234,239.2899932861328
2023-12-14,195.72381591796875,43023.97265625,75.62033081054688,251.0500030517578
2023-12-15,195.19029235839844,41929.7578125,72.36898803710938,253.5
2023-12-16,195.19029235839844,42240.1171875,73.47350311279297,253.5
2023-12-17,195.19029235839844,41364.6640625,71.00051879882812,253.5
2023-12-18,193.5305633544922,42623.5390625,74.34716033935547,252.0800018310547
2023-12-19,194.56788635253906,42270.52734375,72.9897689819336,257.2200012207031
2023-12-20,192.48333740234375,43652.25,82.19123077392578,247.13999938964844
2023-12-21,192.3351287841797,43869.15234375,93.85481262207031,254.5
2023-12-22,191.2681427001953,43997.90234375,98.00369262695312,252.5399932861328
2023-12-23,191.2681427001953,43739.54296875,107.59423065185547,252.5399932861328
2023-12-24,191.2681427001953,43016.1171875,112.48521423339844,252.5399932861328
2023-12-25,191.2681427001953,43613.140625,121.1464614868164,252.5399932861328
2023-12-26,190.72476196289062,42520.40234375,112.6767349243164,256.6099853515625
2023-12-27,190.82354736328125,43442.85546875,107.02379608154297,261.44000244140625
2023-12-28,191.2483673095703,42627.85546875,102.10456848144531,253.17999267578125
2023-12-29,190.21102905273438,42099.40234375,106.31151580810547,248.47999572753906
2023-12-30,190.21102905273438,42156.90234375,101.84508514404297,248.47999572753906
2023-12-31,190.21102905273438,42265.1875,101.50582122802734,248.47999572753906
2024-01-01,190.21102905273438,44167.33203125,109.50868225097656,248.47999572753906
2024-01-02,183.4040069580078,44957.96875,106.61122131347656,248.4199981689453
2024-01-03,182.03074645996094,42848.17578125,98.59443664550781,238.4499969482422
2024-01-04,179.71896362304688,44179.921875,105.0775375366211,237.92999267578125
2024-01-05,178.9977264404297,44162.69140625,99.97879028320312,237.49000549316406
2024-01-06,178.9977264404297,43989.1953125,93.85771942138672,237.49000549316406
2024-01-07,178.9977264404297,43943.09765625,89.2763442993164,237.49000549316406
2024-01-08,183.32496643066406,46970.50390625,97.79044342041016,240.4499969482422
2024-01-09,182.9100341796875,46139.73046875,99.40918731689453,234.9600067138672
2024-01-10,183.94737243652344,46627.77734375,102.03302001953125,233.94000244140625
2024-01-11,183.3546142578125,46368.5859375,99.90943908691406,227.22000122070312
2024-01-12,183.6806182861328,42853.16796875,91.72090911865234,218.88999938964844
2024-01-13,183.6806182861328,42842.3828125,95.73004913330078,218.88999938964844
2024-01-14,183.6806182861328,41796.26953125,94.13314056396484,218.88999938964844
2024-01-15,183.6806182861328,42511.96875,94.49022674560547,218.88999938964844
2024-01-16,181.41824340820312,43154.9453125,97.62691497802734,219.91000366210938
2024-01-17,180.4796600341797,42742.65234375,102.0635986328125,215.5500030517578
2024-01-18,186.35797119140625,41262.05859375,94.2509536743164,211.8800048828125
2024-01-19,189.25270080566406,41618.40625,93.38616943359375,212.19000244140625
2024-01-20,189.25270080566406,41665.5859375,92.56983947753906,212.19000244140625
2024-01-21,189.25270080566406,41545.78515625,90.84843444824219,212.19000244140625
2024-01-22,191.55462646484375,39507.3671875,83.62281036376953,208.8000030517578
2024-01-23,192.82908630371094,39845.55078125,84.27450561523438,209.13999938964844
2024-01-24,192.1573028564453,40077.07421875,88.73200988769531,207.8300018310547
2024-01-25,191.8312530517578,39933.80859375,86.88921356201172,182.6300048828125
2024-01-26,190.1023406982422,41816.87109375,92.44236755371094,183.25
2024-01-27,190.1023406982422,42120.0546875,94.16321563720703,183.25
2024-01-28,190.1023406982422,42035.59375,95.93798065185547,183.25
2024-01-29,189.420654296875,43288.24609375,101.56666564941406,190.92999267578125
2024-01-30,185.7751007080078,42952.609375,101.47297668457031,191.58999633789062
2024-01-31,182.17893981933594,42582.60546875,97.0287094116211,187.2899932861328
2024-02-01,184.60931396484375,43075.7734375,97.84669494628906,188.86000061035156
2024-02-02,183.6114959716797,43185.859375,100.44052124023438,187.91000366210938
2024-02-03,183.6114959716797,42992.25,97.8799819946289,187.91000366210938
2024-02-04,183.6114959716797,42583.58203125,95.47695922851562,187.91000366210938
2024-02-05,185.41946411132812,42658.66796875,95.54866027832031,181.05999755859375
2024-02-06,187.0199432373047,43084.671875,96.86107635498047,185.10000610351562
2024-02-07,187.12860107421875,44318.22265625,100.97927856445312,187.5800018310547
2024-02-08,186.05174255371094,45301.56640625,102.78563690185547,189.55999755859375
2024-02-09,186.81344604492188,47147.19921875,106.93333435058594,193.57000732421875
2024-02-10,186.81344604492188,47771.27734375,109.1314697265625,193.57000732421875
2024-02-11,186.81344604492188,48293.91796875,107.49528503417969,193.57000732421875
2024-02-12,185.13174438476562,49958.22265625,111.99275207519531,188.1300048828125
2024-02-13,183.04449462890625,49742.44140625,112.57930755615234,184.02000427246094
2024-02-14,182.16409301757812,51826.6953125,116.97632598876953,188.7100067138672
2024-02-15,181.87725830078125,51938.5546875,113.69940948486328,200.4499969482422
2024-02-16,180.3439483642578,52160.203125,110.44591522216797,199.9499969482422
2024-02-17,180.3439483642578,51662.99609375,108.98401641845703,199.9499969482422
2024-02-18,180.3439483642578,52122.546875,112.17467498779297,199.9499969482422
2024-02-19,180.3439483642578,51779.14453125,111.4853286743164,199.9499969482422
2024-02-20,179.60206604003906,52284.875,108.45964050292969,193.75999450683594
2024-02-21,180.35386657714844,51839.1796875,105.1252212524414,194.77000427246094
2024-02-22,182.3817138671875,51304.97265625,101.66979217529297,197.41000366210938
2024-02-23,180.5516815185547,50731.94921875,99.95469665527344,191.97000122070312
2024-02-24,180.5516815185547,51571.1015625,104.1335220336914,191.97000122070312
2024-02-25,180.5516815185547,51733.23828125,103.4534912109375,191.97000122070312
2024-02-26,179.20635986328125,54522.40234375,109.91853332519531,199.39999389648438
2024-02-27,180.66050720214844,57085.37109375,108.3880844116211,199.72999572753906
2024-02-28,179.46353149414062,62504.7890625,118.05220031738281,202.0399932861328
2024-02-29,178.80076599121094,61198.3828125,125.71151733398438,201.8800048828125
2024-03-01,177.72251892089844,62440.6328125,129.9904022216797,202.63999938964844
2024-03-02,177.72251892089844,62029.84765625,129.70018005371094,202.63999938964844
2024-03-03,177.72251892089844,63167.37109375,130.45086669921875,202.63999938964844
2024-03-04,173.21173095703125,68330.4140625,133.194580078125,188.13999938964844
2024-03-05,168.285400390625,63801.19921875,125.70671081542969,180.74000549316406
2024-03-06,167.29617309570312,66106.8046875,130.7420196533203,176.5399932861328
2024-03-07,167.17747497558594,66925.484375,143.9778594970703,178.64999389648438
2024-03-08,168.8888397216797,68300.09375,145.2400360107422,175.33999633789062
2024-03-09,168.8888397216797,68498.8828125,144.6072540283203,175.33999633789062
2024-03-10,168.8888397216797,69019.7890625,144.5151824951172,175.33999633789062
2024-03-11,170.88702392578125,72123.90625,148.75096130371094,177.77000427246094
2024-03-12,171.3618621826172,71481.2890625,151.01544189453125,177.5399932861328
2024-03-13,169.2845458984375,73083.5,163.83981323242188,169.47999572753906
2024-03-14,171.1343536376953,71396.59375,176.67974853515625,162.5
2024-03-15,170.75843811035156,69403.7734375,182.96469116210938,163.57000732421875
2024-03-16,170.75843811035156,65315.1171875,181.88034057617188,163.57000732421875
2024-03-17,170.75843811035156,68390.625,202.12356567382812,163.57000732421875
2024-03-18,171.84657287597656,67548.59375,195.9927520751953,173.8000030517578
2024-03-19,174.18115234375,61912.7734375,170.0162811279297,171.32000732421875
2024-03-20,176.74322509765625,67913.671875,191.54962158203125,175.66000366210938
2024-03-21,169.52191162109375,65491.390625,179.2207489013672,172.82000732421875
2024-03-22,170.42208862304688,63778.76171875,174.36370849609375,170.8300018310547
2024-03-23,170.42208862304688,64062.203125,172.90225219726562,170.8300018310547
2024-03-24,170.42208862304688,67234.171875,183.57345581054688,170.8300018310547
2024-03-25,169.00755310058594,69958.8125,189.0835418701172,172.6300048828125
2024-03-26,167.87982177734375,69987.8359375,190.69985961914062,177.6699981689453
2024-03-27,171.44100952148438,69455.34375,186.36146545410156,179.8300018310547
2024-03-28,169.6307373046875,70744.953125,189.6216278076172,175.7899932861328
2024-03-29,169.6307373046875,69892.828125,192.2279510498047,175.7899932861328
2024-03-30,169.6307373046875,69645.3046875,194.3855438232422,175.7899932861328
2024-03-31,169.6307373046875,71333.6484375,202.87413024902344,175.7899932861328
2024-04-01,168.1963653564453,69702.1484375,192.5678253173828,175.22000122070312
2024-04-02,167.01919555664062,65446.97265625,181.17225646972656,166.6300048828125
2024-04-03,167.8204803466797,65980.8125,185.2486114501953,168.3800048828125
2024-04-04,166.99945068359375,68508.84375,183.95811462402344,171.11000061035156
2024-04-05,167.7512664794922,67837.640625,174.5015106201172,164.89999389648438
2024-04-06,167.7512664794922,68896.109375,178.91534423828125,164.89999389648438
2024-04-07,167.7512664794922,69362.5546875,179.6498565673828,164.89999389648438
2024-04-08,166.63340759277344,71631.359375,180.78477478027344,172.97999572753906
2024-04-09,167.84027099609375,69139.015625,172.4136199951172,176.8800048828125
2024-04-10,165.97064208984375,70587.8828125,173.43736267089844,171.75999450683594
2024-04-11,173.15232849121094,70060.609375,172.5763702392578,174.60000610351562
2024-04-12,174.6460723876953,67195.8671875,153.63546752929688,171.0500030517578
2024-04-13,174.6460723876953,63821.47265625,139.34169006347656,171.0500030517578
2024-04-14,174.6460723876953,65738.7265625,151.28494262695312,171.0500030517578
2024-04-15,170.82769775390625,63426.2109375,138.5086212158203,161.47999572753906
2024-04-16,167.55340576171875,63811.86328125,136.27932739257812,157.11000061035156
2024-04-17,166.18826293945312,61276.69140625,131.86618041992188,155.4499969482422
2024-04-18,165.23861694335938,63512.75390625,142.0823974609375,149.92999267578125
2024-04-19,163.22064208984375,63843.5703125,142.6804962158203,147.0500030517578
2024-04-20,163.22064208984375,64994.44140625,151.13356018066406,147.0500030517578
2024-04-21,163.22064208984375,64926.64453125,148.60931396484375,147.0500030517578
2024-04-22,164.0515594482422,66837.6796875,157.03121948242188,142.0500030517578
2024-04-23,165.10012817382812,66407.2734375,154.70130920410156,144.67999267578125
2024-04-24,167.19728088378906,64276.8984375,147.74514770507812,162.1300048828125
2024-04-25,168.05789184570312,64481.70703125,144.89212036132812,170.17999267578125
2024-04-26,167.47425842285156,63755.3203125,139.10433959960938,168.2899932861328
2024-04-27,167.47425842285156,63419.140625,141.28916931152344,168.2899932861328
2024-04-28,167.47425842285156,63113.23046875,137.85641479492188,168.2899932861328
2024-04-29,171.62896728515625,63841.12109375,137.7766571044922,194.0500030517578
2024-04-30,168.49314880371094,60636.85546875,126.96270751953125,183.27999877929688
2024-05-01,167.47425842285156,58254.01171875,134.6279754638672,179.99000549316406
2024-05-02,171.1640167236328,59123.43359375,137.81448364257812,180.00999450683594
2024-05-03,181.4024200439453,62889.8359375,143.77255249023438,181.19000244140625
2024-05-04,181.4024200439453,63891.47265625,146.1350555419922,181.19000244140625
2024-05-05,181.4024200439453,64031.1328125,145.71302795410156,181.19000244140625
2024-05-06,179.7504425048828,63161.94921875,152.80239868164062,184.75999450683594
2024-05-07,180.4329833984375,62334.81640625,148.1343231201172,177.80999755859375
2024-05-08,180.76930236816406,61187.94140625,142.29473876953125,174.72000122070312
2024-05-09,182.57958984375,63049.9609375,152.84994506835938,171.97000122070312
2024-05-10,181.3215789794922,60792.77734375,146.21690368652344,168.47000122070312
2024-05-11,181.3215789794922,60793.7109375,145.3143768310547,168.47000122070312
2024-05-12,181.3215789794922,61448.39453125,143.52081298828125,168.47000122070312
2024-05-13,184.52108764648438,62901.44921875,147.28233337402344,171.88999938964844
2024-05-14,185.6602020263672,61552.7890625,142.0303955078125,177.5500030517578
2024-05-15,187.9285888671875,66267.4921875,158.18682861328125,173.99000549316406
2024-05-16,188.04745483398438,65231.58203125,159.116455078125,174.83999633789062
2024-05-17,188.07716369628906,67051.875,169.53054809570312,177.4600067138672
2024-05-18,188.07716369628906,66940.8046875,172.5391387939453,177.4600067138672
2024-05-19,188.07716369628906,66278.3671875,170.0913543701172,177.4600067138672
2024-05-20,189.23614501953125,71448.1953125,186.52049255371094,174.9499969482422
2024-05-21,190.53378295898438,70136.53125,178.11614990234375,186.60000610351562
2024-05-22,189.0974578857422,69122.3359375,176.86077880859375,180.11000061035156
2024-05-23,185.11544799804688,67929.5625,175.98577880859375,173.74000549316406
2024-05-24,188.18614196777344,68526.1015625,167.7969207763672,179.24000549316406
2024-05-25,188.18614196777344,69265.9453125,168.43763732910156,179.24000549316406
2024-05-26,188.18614196777344,68518.09375,163.3509063720703,179.24000549316406
2024-05-27,188.18614196777344,69394.5546875,169.9961395263672,179.24000549316406
2024-05-28,188.19606018066406,68296.21875,168.65084838867188,176.75
2024-05-29,188.49319458007812,67578.09375,168.0726776123047,176.19000244140625
2024-05-30,189.48374938964844,68364.9921875,166.97653198242188,178.7899932861328
2024-05-31,190.43470764160156,67491.4140625,165.63771057128906,178.0800018310547
2024-06-01,190.43470764160156,67706.9375,166.03067016601562,178.0800018310547
2024-06-02,190.43470764160156,67751.6015625,163.24990844726562,178.0800018310547
2024-06-03,192.19789123535156,68804.78125,164.9234619140625,176.2899932861328
2024-06-04,192.514892578125,70567.765625,171.8019256591797,174.77000427246094
2024-06-05,194.02053833007812,71082.8203125,173.48291015625,175.0
2024-06-06,192.64366149902344,70757.1640625,170.01622009277344,177.94000244140625
2024-06-07,195.0308837890625,69342.5859375,162.50704956054688,177.47999572753906
2024-06-08,195.0308837890625,69305.7734375,157.96890258789062,177.47999572753906
2024-06-09,195.0308837890625,69647.9921875,162.08360290527344,177.47999572753906
2024-06-10,191.29647827148438,69512.28125,158.9280242919922,173.7899932861328
2024-06-11,205.1940155029297,67332.03125,149.42898559570312,170.66000366210938
2024-06-12,211.05812072753906,68241.1875,155.1775665283203,177.2899932861328
2024-06-13,212.21707153320312,66756.3984375,147.31442260742188,182.47000122070312
2024-06-14,210.48358154296875,66011.09375,143.0944366455078,178.00999450683594
2024-06-15,210.48358154296875,66191.0,145.41221618652344,178.00999450683594
2024-06-16,210.48358154296875,66639.046875,151.12550354003906,178.00999450683594
2024-06-17,214.62411499023438,66490.296875,143.3342742919922,187.44000244140625
2024-06-18,212.26657104492188,65140.74609375,137.50399780273438,184.86000061035156
2024-06-19,212.26657104492188,64960.296875,135.60960388183594,184.86000061035156
2024-06-20,207.70010375976562,64828.65625,133.47296142578125,181.57000732421875
2024-06-21,205.53079223632812,64096.19921875,134.5883026123047,183.00999450683594
2024-06-22,205.53079223632812,64252.578125,133.6702423095703,183.00999450683594
2024-06-23,205.53079223632812,63180.796875,128.59042358398438,183.00999450683594
2024-06-24,206.17466735839844,60277.4140625,132.24139404296875,182.5800018310547
2024-06-25,207.0958709716797,61804.640625,136.5592041015625,187.35000610351562
2024-06-26,211.23643493652344,60811.27734375,136.60914611816406,196.3699951171875
2024-06-27,212.07839965820312,61604.80078125,149.44837951660156,197.4199981689453
2024-06-28,208.63125610351562,60320.13671875,139.70339965820312,197.8800048828125
2024-06-29,208.63125610351562,60887.37890625,140.01014709472656,197.8800048828125
2024-06-30,208.63125610351562,62678.29296875,146.49249267578125,197.8800048828125
2024-07-01,214.70335388183594,62851.98046875,146.59506225585938,209.86000061035156
2024-07-02,218.19012451171875,62029.015625,153.7004852294922,231.25999450683594
2024-07-03,219.4580535888672,60173.921875,140.73141479492188,246.38999938964844
2024-07-04,219.4580535888672,56977.703125,127.55081939697266,246.38999938964844
2024-07-05,224.2028045654297,56662.375,134.3693389892578,251.52000427246094
2024-07-06,224.2028045654297,58303.5390625,143.24118041992188,251.52000427246094
2024-07-07,224.2028045654297,55849.109375,131.7740936279297,251.52000427246094
2024-07-08,225.66883850097656,56705.09765625,139.4636993408203,252.94000244140625
2024-07-09,226.52072143554688,58009.2265625,141.34844970703125,262.3299865722656
2024-07-10,230.78012084960938,57742.49609375,141.97479248046875,263.260009765625
2024-07-11,225.42120361328125,57344.9140625,135.8832244873047,241.02999877929688
2024-07-12,228.36314392089844,57899.46484375,139.52801513671875,248.22999572753906
2024-07-13,228.36314392089844,59231.953125,141.9249725341797,248.22999572753906
2024-07-14,228.36314392089844,60787.79296875,147.622314453125,248.22999572753906
2024-07-15,232.1866912841797,64870.15234375,159.93397521972656,252.63999938964844
2024-07-16,232.60276794433594,65097.1484375,160.5518798828125,256.55999755859375
2024-07-17,226.71884155273438,64118.79296875,155.5841064453125,248.5
2024-07-18,222.0631866455078,63974.06640625,159.07241821289062,249.22999572753906
2024-07-19,222.1919708251953,66710.15625,169.1858673095703,239.1999969482422
2024-07-20,222.1919708251953,67163.6484375,173.89178466796875,239.1999969482422
2024-07-21,222.1919708251953,68154.5234375,184.54161071777344,239.1999969482422
2024-07-22,221.84527587890625,67585.25,178.97828674316406,251.50999450683594
2024-07-23,222.8853759765625,65927.671875,172.757568359375,246.3800048828125
2024-07-24,216.47647094726562,65372.1328125,178.0323028564453,215.99000549316406
2024-07-25,215.43638610839844,65777.2265625,171.96307373046875,220.25
2024-07-26,215.90194702148438,67912.0625,183.13671875,219.8000030517578
2024-07-27,215.90194702148438,67813.3359375,184.0854034423828,219.8000030517578
2024-07-28,215.90194702148438,68255.8671875,184.88607788085938,219.8000030517578
2024-07-29,216.17929077148438,66819.9140625,182.7805938720703,232.10000610351562
2024-07-30,216.7340087890625,66201.015625,179.10719299316406,222.6199951171875
2024-07-31,219.9830322265625,64619.25,171.82615661621094,232.07000732421875
2024-08-01,216.2981414794922,65357.5,167.672119140625,216.86000061035156
2024-08-02,217.78399658203125,61415.06640625,152.6382293701172,207.6699981689453
2024-08-03,217.78399658203125,60680.09375,142.9219970703125,207.6699981689453
2024-08-04,217.78399658203125,58116.9765625,138.05508422851562,207.6699981689453
2024-08-05,207.2940216064453,53991.45703125,129.8643035888672,198.8800048828125
2024-08-06,205.2732696533203,56034.31640625,144.09036254882812,200.63999938964844
2024-08-07,207.83880615234375,55027.4609375,144.63209533691406,191.75999450683594
2024-08-08,211.29583740234375,61710.13671875,162.9307403564453,198.83999633789062
2024-08-09,214.1981964111328,60880.11328125,156.45721435546875,200.0
2024-08-10,214.1981964111328,60945.8125,153.95916748046875,200.0
2024-08-11,214.1981964111328,58719.484375,141.52685546875,200.0
2024-08-12,215.72543334960938,59354.515625,146.45423889160156,197.49000549316406
2024-08-13,219.43441772460938,60609.56640625,146.7126922607422,207.8300018310547
2024-08-14,219.8806610107422,58737.26953125,143.9234619140625,201.3800048828125
2024-08-15,222.8557586669922,57560.09765625,142.74581909179688,214.13999938964844
2024-08-16,224.17474365234375,58894.10546875,139.33056640625,216.1199951171875
2024-08-17,224.17474365234375,59478.97265625,141.7985076904297,216.1199951171875
2024-08-18,224.17474365234375,58483.96484375,142.58688354492188,216.1199951171875
2024-08-19,224.0160369873047,59493.453125,144.34368896484375,222.72000122070312
2024-08-20,224.63092041015625,59012.79296875,143.16773986816406,221.10000610351562
2024-08-21,224.52183532714844,61175.19140625,142.70960998535156,223.27000427246094
2024-08-22,222.66734313964844,60381.9140625,143.2579345703125,210.66000366210938
2024-08-23,224.95816040039062,64094.35546875,153.10708618164062,220.32000732421875
2024-08-24,224.95816040039062,64178.9921875,160.73175048828125,220.32000732421875
2024-08-25,224.95816040039062,64333.54296875,158.90911865234375,220.32000732421875
2024-08-26,225.2953643798828,62880.66015625,157.23687744140625,213.2100067138672
2024-08-27,226.1383056640625,59504.1328125,146.8970947265625,209.2100067138672
2024-08-28,224.61106872558594,59027.625,143.89138793945312,205.75
2024-08-29,227.88369750976562,59388.1796875,140.0540313720703,206.27999877929688
2024-08-30,227.1002655029297,59119.4765625,138.09999084472656,214.11000061035156
2024-08-31,227.1002655029297,58969.8984375,135.37425231933594,214.11000061035156
2024-09-01,227.1002655029297,57325.48828125,128.6905517578125,214.11000061035156
2024-09-02,227.1002655029297,59112.48046875,135.0023651123047,214.11000061035156
2024-09-03,220.9219512939453,57431.0234375,127.57758331298828,210.60000610351562
2024-09-04,219.01788330078125,57971.5390625,133.60391235351562,219.41000366210938
2024-09-05,220.53517150878906,56160.48828125,129.32894897460938,230.1699981689453
2024-09-06,218.9881134033203,53948.75390625,124.99007415771484,210.72999572753906
2024-09-07,218.9881134033203,54139.6875,127.72156524658203,210.72999572753906
2024-09-08,218.9881134033203,54841.56640625,129.98951721191406,210.72999572753906
2024-09-09,219.077392578125,57019.53515625,135.02561950683594,216.27000427246094
2024-09-10,218.2840118408203,57648.7109375,135.63522338867188,226.1699981689453
2024-09-11,220.81285095214844,57343.171875,132.4973907470703,228.1300048828125
2024-09-12,220.9219512939453,58127.01171875,136.14190673828125,229.80999755859375
2024-09-13,220.65419006347656,60571.30078125,139.1005401611328,230.2899932861328
2024-09-14,220.65419006347656,60005.12109375,137.17977905273438,230.2899932861328
2024-09-15,220.65419006347656,59182.8359375,131.4993896484375,230.2899932861328
2024-09-16,214.52545166015625,58192.5078125,131.47259521484375,226.77999877929688
2024-09-17,214.99154663085938,60308.5390625,131.53707885742188,227.8699951171875
2024-09-18,218.8592071533203,61649.6796875,133.99185180664062,227.1999969482422
2024-09-19,226.97132873535156,62940.45703125,142.83627319335938,243.9199981689453
2024-09-20,226.30690002441406,63192.9765625,146.56680297851562,238.25
2024-09-21,226.30690002441406,63394.83984375,149.52703857421875,238.25
2024-09-22,226.30690002441406,63648.7109375,144.80364990234375,238.25
2024-09-23,224.5912628173828,63329.80078125,144.8149871826172,250.0
2024-09-24,225.48377990722656,64301.96875,152.89215087890625,254.27000427246094
2024-09-25,224.4920654296875,63143.14453125,148.02342224121094,257.0199890136719
2024-09-26,225.63255310058594,65181.01953125,155.5760955810547,254.22000122070312
2024-09-27,225.90028381347656,65790.6640625,157.74993896484375,260.4599914550781
2024-09-28,225.90028381347656,65887.6484375,156.9124298095703,260.4599914550781
2024-09-29,225.90028381347656,65635.3046875,158.62916564941406,260.4599914550781
2024-09-30,231.0670623779297,63329.5,152.61846923828125,261.6300048828125
2024-10-01,224.33340454101562,60837.0078125,145.28988647460938,258.0199890136719
2024-10-02,224.89866638183594,60632.78515625,140.38555908203125,249.02000427246094
2024-10-03,223.79788208007812,60759.40234375,136.78518676757812,240.66000366210938
2024-10-04,224.9185028076172,62067.4765625,143.17227172851562,250.0800018310547
2024-10-05,224.9185028076172,62089.94921875,142.7117462158203,250.0800018310547
2024-10-06,224.9185028076172,62818.953125,146.44236755371094,250.0800018310547
2024-10-07,219.8509063720703,62236.66015625,143.99179077148438,240.8300018310547
2024-10-08,223.89707946777344,62131.96875,143.39442443847656,244.5
2024-10-09,227.63577270507812,60582.1015625,139.31553649902344,241.0500030517578
2024-10-10,227.13992309570312,60274.5,138.88841247558594,238.77000427246094
2024-10-11,225.66229248046875,62445.08984375,145.3811492919922,217.8000030517578
2024-10-12,225.66229248046875,63193.0234375,146.5002899169922,217.8000030517578
2024-10-13,225.66229248046875,62851.375,147.5724334716797,217.8000030517578
2024-10-14,229.38121032714844,66046.125,157.44512939453125,219.16000366210938
2024-10-15,231.91001892089844,67041.109375,154.7206268310547,219.57000732421875
2024-10-16,229.85719299316406,67612.71875,154.23422241210938,221.3300018310547
2024-10-17,230.22413635253906,67399.8359375,150.31602478027344,220.88999938964844
2024-10-18,233.05047607421875,68418.7890625,154.97593688964844,220.6999969482422
2024-10-19,233.05047607421875,68362.734375,159.6393585205078,220.6999969482422
2024-10-20,233.05047607421875,69001.703125,166.9398193359375,220.6999969482422
2024-10-21,234.51821899414062,67367.8515625,166.2168731689453,218.85000610351562
2024-10-22,233.90335083007812,67361.40625,167.26014709472656,217.97000122070312
2024-10-23,228.84564208984375,66432.1953125,170.9324951171875,213.64999389648438
2024-10-24,228.65724182128906,68161.0546875,177.1569366455078,260.4800109863281
2024-10-25,229.4902801513672,66642.4140625,164.75689697265625,269.19000244140625
2024-10-26,229.4902801513672,67014.6953125,170.70596313476562,269.19000244140625
2024-10-27,229.4902801513672,67929.296875,176.5491943359375,269.19000244140625
2024-10-28,231.46376037597656,69907.7578125,178.1049041748047,262.510009765625
2024-10-29,231.73150634765625,72720.4921875,179.36074829101562,259.5199890136719
2024-10-30,228.191162109375,72339.5390625,174.9249725341797,257.54998779296875
2024-10-31,224.035888671875,70215.1875,168.42999267578125,249.85000610351562
2024-11-01,221.06077575683594,69482.46875,166.2621307373047,248.97999572753906
2024-11-02,221.06077575683594,69289.2734375,166.01034545898438,248.97999572753906
2024-11-03,221.06077575683594,68741.1171875,162.55130004882812,248.97999572753906
2024-11-04,220.16824340820312,67811.5078125,157.74710083007812,242.83999633789062
2024-11-05,221.59632873535156,69359.5625,166.72239685058594,251.44000244140625
2024-11-06,220.87237548828125,75639.078125,186.9547882080078,288.5299987792969
2024-11-07,225.59286499023438,75904.859375,196.3345947265625,296.9100036621094
2024-11-08,225.32481384277344,76545.4765625,199.9390106201172,321.2200012207031
2024-11-09,225.32481384277344,76778.8671875,200.19491577148438,321.2200012207031
2024-11-10,225.32481384277344,80474.1875,210.6137237548828,321.2200012207031
2024-11-11,222.61447143554688,88701.484375,222.6416778564453,350.0
2024-11-12,222.61447143554688,87955.8125,212.2318115234375,328.489990234375
2024-11-13,223.49807739257812,90584.1640625,215.18455505371094,330.239990234375
2024-11-14,226.5757598876953,87250.4296875,209.2190704345703,311.17999267578125
2024-11-15,223.37893676757812,91066.0078125,218.09490966796875,320.7200012207031
2024-11-16,223.37893676757812,90558.4765625,215.8488311767578,320.7200012207031
2024-11-17,223.37893676757812,89845.8515625,237.57553100585938,320.7200012207031
2024-11-18,226.37718200683594,90542.640625,239.79425048828125,338.739990234375
2024-11-19,226.6352996826172,92343.7890625,238.09754943847656,346.0
2024-11-20,227.35012817382812,94339.4921875,235.4236602783203,342.0299987792969
2024-11-21,226.87359619140625,98504.7265625,257.0658874511719,339.6400146484375
2024-11-22,228.21383666992188,98997.6640625,256.5186767578125,352.55999755859375
2024-11-23,228.21383666992188,97777.28125,255.1785125732422,352.55999755859375
2024-11-24,228.21383666992188,98013.8203125,252.91952514648438,352.55999755859375
2024-11-25,231.1922149658203,93102.296875,234.4466094970703,338.5899963378906
2024-11-26,233.36647033691406,91985.3203125,230.9781951904297,338.2300109863281
2024-11-27,233.23739624023438,95962.53125,242.30221557617188,332.8900146484375
2024-11-28,233.23739624023438,95652.46875,237.76400756835938,332.8900146484375
2024-11-29,235.62010192871094,97461.5234375,243.54949951171875,345.1600036621094
2024-11-30,235.62010192871094,96449.0546875,237.74374389648438,345.1600036621094
2024-12-01,235.62010192871094,97279.7890625,237.06993103027344,345.1600036621094
2024-12-02,237.86383056640625,95865.3046875,225.75619506835938,357.0899963378906
2024-12-03,240.9017791748047,96002.1640625,234.2003173828125,351.4200134277344
2024-12-04,241.25917053222656,98768.53125,229.11929321289062,357.92999267578125
2024-12-05,241.28895568847656,96593.5703125,233.9987030029297,369.489990234375
2024-12-06,241.09039306640625,99920.7109375,237.0510711669922,389.2200012207031
2024-12-07,241.09039306640625,99923.3359375,238.54795837402344,389.2200012207031
2024-12-08,241.09039306640625,101236.015625,236.67233276367188,389.2200012207031
2024-12-09,244.9722442626953,97432.71875,217.34146118164062,389.7900085449219
2024-12-10,245.98487854003906,96675.4296875,213.82461547851562,400.989990234375
2024-12-11,244.714111328125,101173.03125,227.44683837890625,424.7699890136719
2024-12-12,246.1735382080078,100043.0,227.02671813964844,418.1000061035156
2024-12-13,246.34230041503906,101459.2578125,224.83729553222656,436.2300109863281
2024-12-14,246.34230041503906,101372.96875,219.84075927734375,436.2300109863281
2024-12-15,246.34230041503906,104298.6953125,223.6576690673828,436.2300109863281
2024-12-16,249.2313232421875,106029.71875,216.3349609375,463.0199890136719
2024-12-17,251.65374755859375,106140.6015625,222.8167266845703,479.8599853515625
2024-12-18,246.26287841796875,100041.5390625,206.38174438476562,440.1300048828125
2024-12-19,247.99032592773438,97490.953125,194.28451538085938,436.1700134277344
2024-12-20,252.656494140625,97755.9296875,194.2081756591797,421.05999755859375
2024-12-21,252.656494140625,97224.7265625,181.30145263671875,421.05999755859375
2024-12-22,252.656494140625,95104.9375,180.16891479492188,421.05999755859375
2024-12-23,253.4308624267578,94686.2421875,189.75369262695312,430.6000061035156
2024-12-24,256.3398132324219,98676.09375,196.98902893066406,462.2799987792969
2024-12-25,256.3398132324219,99299.1953125,197.4790802001953,462.2799987792969
2024-12-26,257.15380859375,95795.515625,188.21810913085938,454.1300048828125
2024-12-27,253.74853515625,94164.859375,183.82847595214844,431.6600036621094
2024-12-28,253.74853515625,95163.9296875,195.01353454589844,431.6600036621094
2024-12-29,253.74853515625,93530.2265625,189.7442626953125,431.6600036621094
2024-12-30,250.3829345703125,92643.2109375,191.02804565429688,417.4100036621094
2024-12-31,248.61578369140625,93429.203125,189.2644805908203,403.8399963378906
2025-01-01,248.61578369140625,94419.7578125,193.8737335205078,403.8399963378906
2025-01-02,242.0931396484375,96886.875,207.7670440673828,379.2799987792969
2025-01-03,241.6066436767578,98107.4296875,217.74732971191406,410.44000244140625
2025-01-04,241.6066436767578,98236.2265625,216.6229248046875,410.44000244140625
2025-01-05,241.6066436767578,98314.9609375,213.3936309814453,410.44000244140625
2025-01-06,243.23486328125,102078.0859375,218.72312927246094,411.04998779296875
2025-01-07,240.46495056152344,96922.703125,202.23025512695312,394.3599853515625
2025-01-08,240.951416015625,95043.5234375,197.55905151367188,394.94000244140625
2025-01-09,240.951416015625,92484.0390625,185.02528381347656,394.94000244140625
2025-01-10,235.14356994628906,94701.453125,187.5791778564453,394.739990234375
2025-01-11,235.14356994628906,94566.59375,187.99551391601562,394.739990234375
2025-01-12,235.14356994628906,94488.4375,188.5603790283203,394.739990234375
2025-01-13,232.71119689941406,94516.5234375,182.83535766601562,403.30999755859375
2025-01-14,231.5992889404297,96534.046875,187.49859619140625,396.3599853515625
2025-01-15,236.15621948242188,100504.4921875,205.91134643554688,428.2200012207031
2025-01-16,226.6154327392578,99756.90625,211.22784423828125,413.82000732421875
2025-01-17,228.32305908203125,104462.0390625,219.62161254882812,426.5
2025-01-18,228.32305908203125,104408.0703125,261.8697509765625,426.5
2025-01-19,228.32305908203125,101089.609375,250.58636474609375,426.5
2025-01-20,228.32305908203125,102016.6640625,242.25022888183594,426.5
2025-01-21,221.03594970703125,106146.265625,250.41378784179688,424.07000732421875
2025-01-22,222.2173614501953,103653.0703125,257.23736572265625,415.1099853515625
2025-01-23,222.048583984375,103960.171875,253.4552001953125,412.3800048828125
2025-01-24,221.17491149902344,104819.484375,253.36122131347656,406.5799865722656
2025-01-25,221.17491149902344,104714.6484375,256.0735778808594,406.5799865722656
2025-01-26,221.17491149902344,102682.5,240.88345336914062,406.5799865722656
2025-01-27,228.20391845703125,102087.6875,235.07444763183594,397.1499938964844
2025-01-28,236.54342651367188,101332.4765625,227.20396423339844,398.0899963378906
2025-01-29,237.6354522705078,103703.2109375,227.94493103027344,389.1000061035156
2025-01-30,235.8782196044922,104735.3046875,239.0231475830078,400.2799987792969
2025-01-31,234.29966735839844,102405.0234375,231.63790893554688,404.6000061035156
2025-02-01,234.29966735839844,100655.90625,213.78501892089844,404.6000061035156
2025-02-02,234.29966735839844,97688.9765625,203.11962890625,404.6000061035156
2025-02-03,226.36724853515625,101405.421875,216.1495819091797,383.67999267578125
2025-02-04,231.1227264404297,97871.8203125,207.09197998046875,392.2099914550781
2025-02-05,230.79513549804688,96615.4453125,195.98814392089844,378.1700134277344
2025-02-06,231.5397186279297,96593.296875,189.77249145507812,374.32000732421875
2025-02-07,225.989990234375,96529.0859375,192.20465087890625,361.6199951171875
2025-02-08,225.989990234375,96482.453125,199.5998992919922,361.6199951171875
2025-02-09,225.989990234375,96500.09375,200.49755859375,361.6199951171875
2025-02-10,226.25833129882812,97437.5546875,200.35635375976562,350.7300109863281
2025-02-11,231.1979217529297,95747.4296875,197.98236083984375,328.5
2025-02-12,235.42198181152344,97885.859375,196.7738037109375,336.510009765625
2025-02-13,240.05349731445312,96623.8671875,194.46095275878906,355.94000244140625
2025-02-14,243.10470581054688,97508.96875,199.9356689453125,355.8399963378906
2025-02-15,243.10470581054688,97580.3515625,194.48208618164062,355.8399963378906
2025-02-16,243.10470581054688,96175.03125,188.4864044189453,355.8399963378906
2025-02-17,243.10470581054688,95773.3828125,177.6897430419922,355.8399963378906
2025-02-18,242.97552490234375,95539.546875,169.08428955078125,354.1099853515625
2025-02-19,243.37306213378906,96635.609375,169.01080322265625,360.55999755859375
2025-02-20,244.3271942138672,98333.9375,176.04888916015625,354.3999938964844
2025-02-21,244.04891967773438,96125.546875,168.89163208007812,337.79998779296875
2025-02-22,244.04891967773438,96577.7578125,172.16285705566406,337.79998779296875
2025-02-23,244.04891967773438,96273.921875,168.03811645507812,337.79998779296875
2025-02-24,245.58944702148438,91418.171875,141.98948669433594,330.5299987792969
2025-02-25,245.52980041503906,88736.171875,144.10775756835938,302.79998779296875
2025-02-26,238.89064025878906,84347.0234375,134.83132934570312,290.79998779296875
2025-02-27,235.84934997558594,84704.2265625,137.6208038330078,281.95001220703125
2025-02-28,240.36158752441406,84373.0078125,148.03001403808594,292.9800109863281
2025-03-01,240.36158752441406,86031.9140625,143.6757049560547,292.9800109863281
2025-03-02,240.36158752441406,94248.3515625,178.49549865722656,292.9800109863281
2025-03-03,236.57485961914062,86065.671875,142.02108764648438,284.6499938964844
2025-03-04,234.48770141601562,87222.1953125,144.9165802001953,272.0400085449219
2025-03-05,234.2988739013672,90623.5625,146.26730346679688,279.1000061035156
2025-03-06,233.89138793945312,89961.7265625,143.355224609375,263.45001220703125
2025-03-07,237.60853576660156,86742.671875,139.20913696289062,262.6700134277344
2025-03-08,237.60853576660156,86154.59375,136.94207763671875,262.6700134277344
2025-03-09,237.60853576660156,80601.0390625,126.43543243408203,262.6700134277344
2025-03-10,226.08937072753906,78532.0,118.291748046875,222.14999389648438
2025-03-11,219.48995971679688,82862.2109375,125.26394653320312,230.5800018310547
2025-03-12,215.653564453125,83722.359375,126.58324432373047,248.08999633789062
2025-03-13,208.39817810058594,81066.703125,123.28614807128906,240.67999267578125
2025-03-14,212.1848907470703,83969.1015625,133.31448364257812,249.97999572753906
2025-03-15,212.1848907470703,84343.109375,135.91253662109375,249.97999572753906
2025-03-16,212.1848907470703,82579.6875,125.98810577392578,249.97999572753906
2025-03-17,212.6917724609375,84075.6875,128.16371154785156,238.00999450683594
2025-03-18,211.3897705078125,82718.5,125.31269836425781,225.30999755859375
2025-03-19,213.92422485351562,86854.2265625,135.572509765625,235.86000061035156
2025-03-20,212.7911834716797,84167.1953125,127.49718475341797,236.25999450683594
2025-03-21,216.93568420410156,84043.2421875,128.43031311035156,248.7100067138672
2025-03-22,216.93568420410156,83832.484375,128.4849853515625,248.7100067138672
2025-03-23,216.93568420410156,86054.375,132.5993194580078,248.7100067138672
2025-03-24,219.38063049316406,87498.9140625,140.86927795410156,278.3900146484375
2025-03-25,222.38218688964844,87471.703125,143.81707763671875,288.1400146484375
2025-03-26,220.1757354736328,86900.8828125,137.28857421875,272.05999755859375
2025-03-27,222.4815673828125,87177.1015625,138.34738159179688,273.1300048828125
2025-03-28,216.56793212890625,84353.1484375,129.42315673828125,263.54998779296875
2025-03-29,216.56793212890625,82597.5859375,124.587646484375,263.54998779296875
2025-03-30,216.56793212890625,82334.5234375,124.64263153076172,263.54998779296875
2025-03-31,220.77207946777344,82548.9140625,124.69412994384766,259.1600036621094
2025-04-01,221.8256072998047,85169.171875,126.68238067626953,268.4599914550781
2025-04-02,222.52133178710938,82485.7109375,117.75762939453125,282.760009765625
2025-04-03,201.9478759765625,83102.828125,117.06145477294922,267.2799987792969
2025-04-04,187.22842407226562,83843.8046875,122.78688049316406,239.42999267578125
2025-04-05,187.22842407226562,83504.796875,120.25899505615234,239.42999267578125
2025-04-06,187.22842407226562,78214.484375,105.7120132446289,239.42999267578125
2025-04-07,180.3507080078125,79235.3359375,106.90277862548828,233.2899932861328
2025-04-08,171.365966796875,76271.953125,105.51219177246094,221.86000061035156
2025-04-09,197.6343994140625,82573.953125,119.05754089355469,272.20001220703125
2025-04-10,189.2559356689453,79626.140625,112.80392456054688,252.39999389648438
2025-04-11,196.9386749267578,83404.8359375,121.53237915039062,252.30999755859375
2025-04-12,196.9386749267578,85287.109375,132.26055908203125,252.30999755859375
2025-04-13,196.9386749267578,83684.9765625,128.58079528808594,252.30999755859375
2025-04-14,201.2819366455078,84542.390625,129.3103790283203,252.35000610351562
2025-04-15,200.904296875,83668.9921875,126.26313018798828,254.11000061035156
2025-04-16,193.08241271972656,84033.8671875,131.44969177246094,241.5500030517578
2025-04-17,195.77581787109375,84895.75,134.69874572753906,241.3699951171875
2025-04-18,195.77581787109375,84450.8046875,134.07350158691406,241.3699951171875
2025-04-19,195.77581787109375,85063.4140625,139.75025939941406,241.3699951171875
2025-04-20,195.77581787109375,85174.3046875,137.77459716796875,241.3699951171875
2025-04-21,191.97918701171875,87518.90625,136.7043914794922,227.5
2025-04-22,198.51895141601562,93441.890625,148.73941040039062,237.97000122070312
2025-04-23,203.34922790527344,93699.109375,151.15272521972656,250.74000549316406
2025-04-24,207.09620666503906,93943.796875,152.3036346435547,259.510009765625
2025-04-25,208.00064086914062,94720.5,150.91500854492188,284.95001220703125
2025-04-26,208.00064086914062,94646.9296875,149.28936767578125,284.95001220703125
2025-04-27,208.00064086914062,93754.84375,148.24583435058594,284.95001220703125
2025-04-28,208.85537719726562,94978.75,147.8099365234375,285.8800048828125
2025-04-29,209.91883850097656,94284.7890625,146.42787170410156,292.0299987792969
2025-04-30,211.20095825195312,94207.3125,147.64320373535156,282.1600036621094
2025-05-01,212.0159454345703,96492.3359375,150.84658813476562,280.5199890136719
2025-05-02,204.09466552734375,96910.0703125,148.05003356933594,287.2099914550781
2025-05-03,204.09466552734375,95891.796875,146.79605102539062,287.2099914550781
2025-05-04,204.09466552734375,94315.9765625,143.98306274414062,287.2099914550781
2025-05-05,197.6741485595703,94748.0546875,146.69664001464844,280.260009765625
2025-05-06,197.2964630126953,96802.4765625,146.7664031982422,275.3500061035156
2025-05-07,195.05029296875,97032.3203125,147.2137451171875,276.2200012207031
2025-05-08,196.28273010253906,103241.4609375,163.96078491210938,284.82000732421875
2025-05-09,197.31634521484375,102970.8515625,172.82827758789062,298.260009765625
2025-05-10,197.31634521484375,104696.328125,177.62181091308594,298.260009765625
2025-05-11,197.31634521484375,104106.359375,173.02645874023438,298.260009765625
2025-05-12,209.77613830566406,102812.953125,174.24789428710938,318.3800048828125
2025-05-13,211.9058380126953,104169.8125,184.00625610351562,334.07000732421875
2025-05-14,211.3087158203125,103539.4140625,176.709228515625,347.67999267578125
2025-05-15,210.43295288085938,103744.640625,169.00999450683594,342.82000732421875
2025-05-16,210.24388122558594,103489.2890625,167.33395385742188,349.9800109863281
2025-05-17,210.24388122558594,103191.0859375,165.9308319091797,349.9800109863281
2025-05-18,210.24388122558594,106446.0078125,173.89871215820312,349.9800109863281
2025-05-19,207.7758026123047,105606.1796875,166.86422729492188,342.0899963378906
2025-05-20,205.8650360107422,106791.0859375,168.4836883544922,343.82000732421875
2025-05-21,201.1179962158203,109678.078125,173.68173217773438,334.6199951171875
2025-05-22,200.39151000976562,111673.28125,179.69094848632812,341.0400085449219
2025-05-23,194.33078002929688,107287.796875,173.82542419433594,339.3399963378906
2025-05-24,194.33078002929688,107791.15625,176.0424041748047,339.3399963378906
2025-05-25,194.33078002929688,109035.390625,175.72547912597656,339.3399963378906
2025-05-26,194.33078002929688,109440.3671875,174.90789794921875,339.3399963378906
2025-05-27,199.2470245361328,108994.640625,176.815185546875,362.8900146484375
2025-05-28,199.4560089111328,107802.328125,172.18955993652344,356.8999938964844
2025-05-29,198.98826599121094,105641.7578125,166.5881805419922,358.42999267578125
2025-05-30,199.8839569091797,103998.5703125,156.23471069335938,346.4599914550781
2025-05-31,199.8839569091797,104638.09375,156.63894653320312,346.4599914550781
2025-06-01,199.8839569091797,105652.1015625,157.7845458984375,346.4599914550781
2025-06-02,200.7298583984375,105881.53125,156.99806213378906,342.69000244140625
2025-06-03,202.2923126220703,105432.46875,155.34317016601562,344.2699890136719
2025-06-04,201.84446716308594,104731.984375,153.35964965820312,332.04998779296875
2025-06-05,199.66500854492188,101575.953125,144.54295349121094,284.70001220703125
2025-06-06,202.93919372558594,104390.34375,147.9131317138672,295.1400146484375
2025-06-07,202.93919372558594,105615.625,150.13406372070312,295.1400146484375
2025-06-08,202.93919372558594,105793.6484375,152.4300994873047,295.1400146484375
2025-06-09,200.48106384277344,110294.1015625,161.08865356445312,308.5799865722656
2025-06-10,201.6951904296875,110257.234375,165.02816772460938,326.0899963378906
2025-06-11,197.8238983154297,108686.625,161.0558624267578,326.42999267578125
2025-06-12,198.24188232421875,105929.0546875,152.7896728515625,319.1099853515625
2025-06-13,195.50509643554688,106090.96875,148.62835693359375,325.30999755859375
2025-06-14,195.50509643554688,105472.40625,144.7637481689453,325.30999755859375
2025-06-15,195.50509643554688,105552.0234375,152.81439208984375,325.30999755859375
2025-06-16,197.46563720703125,106796.7578125,150.8699951171875,329.1300048828125
2025-06-17,194.69900512695312,104601.1171875,147.7498016357422,316.3500061035156
2025-06-18,195.63446044921875,104883.328125,146.35311889648438,322.04998779296875
2025-06-19,195.63446044921875,104684.2890625,147.07147216796875,322.04998779296875
2025-06-20,200.0332489013672,103309.6015625,140.16859436035156,322.1600036621094
2025-06-21,200.0332489013672,102257.40625,135.1610107421875,322.1600036621094
2025-06-22,200.0332489013672,100987.140625,131.61569213867188,322.1600036621094
2025-06-23,200.53082275390625,105577.7734375,144.8467254638672,348.67999267578125
2025-06-24,199.33657836914062,106045.6328125,145.95452880859375,340.4700012207031
2025-06-25,200.59051513671875,107361.2578125,143.505126953125,327.54998779296875
2025-06-26,200.0332489013672,106960.0,139.0598602294922,325.7799987792969
2025-06-27,200.11285400390625,107088.4296875,142.1914825439453,323.6300048828125
2025-06-28,200.11285400390625,107327.703125,150.8275604248047,323.6300048828125
2025-06-29,200.11285400390625,108385.5703125,153.35308837890625,323.6300048828125
2025-06-30,204.1831512451172,107135.3359375,154.7353057861328,317.6600036621094
2025-07-01,206.82041931152344,105698.28125,146.9266357421875,300.7099914550781
2025-07-02,211.41819763183594,108859.3203125,152.22763061523438,315.6499938964844
2025-07-03,212.5228729248047,109647.9765625,152.40179443359375,315.3500061035156
2025-07-04,212.5228729248047,108034.3359375,147.76364135742188,315.3500061035156
2025-07-05,212.5228729248047,108231.1796875,147.64144897460938,315.3500061035156
2025-07-06,212.5228729248047,109232.0703125,151.87294006347656,315.3500061035156
2025-07-07,208.94015502929688,108299.8515625,148.87234497070312,293.94000244140625
2025-07-08,208.9998779296875,108950.2734375,151.81039428710938,297.80999755859375
2025-07-09,210.12445068359375,111326.5546875,157.28150939941406,295.8800048828125
2025-07-10,211.38833618164062,115987.203125,164.06277465820312,309.8699951171875
2025-07-11,210.14434814453125,117516.9921875,162.8833770751953,313.510009765625
2025-07-12,210.14434814453125,117435.2265625,160.68484497070312,313.510009765625
2025-07-13,210.14434814453125,119116.1171875,161.1940155029297,313.510009765625
2025-07-14,207.61656188964844,119849.703125,162.2752227783203,316.8999938964844
2025-07-15,208.10421752929688,117777.1875,163.950439453125,310.7799987792969
2025-07-16,209.149169921875,118738.5078125,173.70848083496094,321.6700134277344
2025-07-17,209.0098419189453,119289.84375,175.7930450439453,319.4100036621094
2025-07-18,210.16424560546875,118003.2265625,177.38197326660156,329.6499938964844
2025-07-19,210.16424560546875,117939.9765625,177.07012939453125,329.6499938964844
2025-07-20,210.16424560546875,117300.7890625,181.54603576660156,329.6499938964844
2025-07-21,211.45799255371094,117439.5390625,195.9942626953125,328.489990234375
2025-07-22,213.3687744140625,119995.4140625,205.70054626464844,332.1099853515625
2025-07-23,213.11996459960938,118754.9609375,189.54293823242188,332.55999755859375
2025-07-24,212.73184204101562,118368.0,182.60606384277344,305.29998779296875
2025-07-25,212.8512725830078,117635.8828125,186.7796630859375,316.05999755859375
2025-07-26,212.8512725830078,117947.3671875,184.91387939453125,316.05999755859375
2025-07-27,212.8512725830078,119448.4921875,188.73348999023438,316.05999755859375
2025-07-28,213.0204620361328,117924.4765625,182.54156494140625,325.5899963378906
2025-07-29,210.25381469726562,117922.1484375,181.33531188964844,321.20001220703125
2025-07-30,208.04449462890625,117831.1875,177.6940155029297,319.0400085449219
2025-07-31,206.5716094970703,115758.203125,172.42434692382812,308.2699890136719
2025-08-01,201.40658569335938,113320.0859375,162.87709045410156,302.6300048828125
2025-08-02,201.40658569335938,112526.9140625,158.48301696777344,302.6300048828125
2025-08-03,201.40658569335938,114217.671875,161.95497131347656,302.6300048828125
2025-08-04,202.37193298339844,115071.8828125,169.42568969726562,309.260009765625
2025-08-05,201.94398498535156,114141.4453125,164.096435546875,308.7200012207031
2025-08-06,212.22430419921875,115028.0,168.1757354736328,319.9100036621094
2025-08-07,218.9716796875,117496.8984375,175.4854278564453,322.2699890136719
2025-08-08,228.2468719482422,116688.7265625,176.76329040527344,329.6499938964844
2025-08-09,228.2468719482422,116500.359375,180.18234252929688,329.6499938964844
2025-08-10,228.2468719482422,119306.7578125,182.90301513671875,329.6499938964844
2025-08-11,226.34390258789062,118731.4453125,174.97781372070312,339.0299987792969
2025-08-12,228.80479431152344,120172.90625,191.85682678222656,340.8399963378906
2025-08-13,232.47125244140625,123344.0625,201.59042358398438,339.3800048828125
2025-08-14,231.92327880859375,118359.578125,192.58595275878906,335.5799865722656
2025-08-15,230.73764038085938,117398.3515625,185.7412567138672,330.55999755859375
2025-08-16,230.73764038085938,117491.3515625,189.76699829101562,330.55999755859375
2025-08-17,230.73764038085938,117453.0625,191.16482543945312,330.55999755859375
2025-08-18,230.04022216796875,116252.3125,183.0698699951172,335.1600036621094
2025-08-19,229.71144104003906,112831.1796875,176.11227416992188,329.30999755859375
2025-08-20,225.17819213867188,114274.7421875,187.5863037109375,323.8999938964844
2025-08-21,224.072265625,112419.03125,180.28062438964844,320.1099853515625
2025-08-22,226.9217529296875,116874.0859375,200.64744567871094,340.010009765625
2025-08-23,226.9217529296875,115374.328125,203.93673706054688,340.010009765625
2025-08-24,226.9217529296875,113458.4296875,205.8523712158203,340.010009765625
2025-08-25,226.323974609375,110124.3515625,187.2784423828125,346.6000061035156
2025-08-26,228.46604919433594,111802.65625,195.90509033203125,351.6700134277344
2025-08-27,229.64170837402344,111222.0625,202.92337036132812,349.6000061035156
2025-08-28,231.7041015625,112544.8046875,214.4056396484375,345.9800109863281
2025-08-29,231.28562927246094,108410.8359375,205.22000122070312,333.8699951171875
2025-08-30,231.28562927246094,108808.0703125,202.86013793945312,333.8699951171875
2025-08-31,231.28562927246094,108236.7109375,200.86354064941406,333.8699951171875
2025-09-01,231.28562927246094,109250.59375,197.10833740234375,333.8699951171875
2025-09-02,228.8745574951172,111200.5859375,209.48153686523438,329.3599853515625
2025-09-03,237.59234619140625,111723.2109375,210.74630737304688,334.0899963378906
2025-09-04,238.89752197265625,110723.6015625,202.5601806640625,338.5299987792969
2025-09-05,238.80783081054688,110650.984375,203.49851989746094,350.8399963378906
2025-09-06,238.80783081054688,110224.6953125,200.24630737304688,350.8399963378906
2025-09-07,238.80783081054688,111167.6171875,206.4681854248047,350.8399963378906
2025-09-08,237.00450134277344,112071.4296875,214.1864013671875,346.3999938964844
2025-09-09,233.4875030517578,111530.546875,217.2506866455078,346.9700012207031
2025-09-10,225.955322265625,113955.359375,223.98690795898438,347.7900085449219
2025-09-11,229.1833953857422,115507.5390625,228.7561798095703,368.80999755859375
2025-09-12,233.20855712890625,116101.578125,242.30328369140625,395.94000244140625
2025-09-13,233.20855712890625,115950.5078125,242.5959014892578,395.94000244140625
2025-09-14,233.20855712890625,115407.65625,240.5576934814453,395.94000244140625
2025-09-15,235.82884216308594,115444.875,234.35755920410156,410.0400085449219
2025-09-16,237.2735137939453,116843.1875,236.9895782470703,421.6199951171875
2025-09-17,238.11044311523438,116468.5078125,244.85745239257812,425.8599853515625
2025-09-18,237.00450134277344,117137.203125,247.6371307373047,416.8500061035156
2025-09-19,244.59646606445312,115688.859375,238.55270385742188,426.07000732421875
2025-09-20,244.59646606445312,115721.9609375,239.5924835205078,426.07000732421875
2025-09-21,244.59646606445312,115306.09375,236.57545471191406,426.07000732421875
2025-09-22,255.13751220703125,112748.5078125,220.49644470214844,434.2099914550781
2025-09-23,253.49359130859375,112014.5,213.71730041503906,425.8500061035156
2025-09-24,251.38140869140625,113328.6328125,211.75625610351562,442.7900085449219
2025-09-25,255.9246063232422,109049.2890625,192.38076782226562,423.3900146484375
2025-09-26,254.51980590820312,109712.828125,205.35255432128906,440.3999938964844
2025-09-27,254.51980590820312,109681.9453125,203.5833282470703,440.3999938964844
2025-09-28,254.51980590820312,112122.640625,210.7377471923828,440.3999938964844
2025-09-29,253.49359130859375,114400.3828125,213.05340576171875,443.2099914550781
2025-09-30,253.69287109375,114056.0859375,208.7431182861328,444.7200012207031
2025-10-01,254.5098419189453,118648.9296875,221.67587280273438,459.4599914550781
2025-10-02,256.18365478515625,120681.2578125,234.85687255859375,436.0
2025-10-03,257.07037353515625,122266.53125,233.00196838378906,429.8299865722656
2025-10-04,257.07037353515625,122425.4296875,228.00320434570312,429.8299865722656
2025-10-05,257.07037353515625,123513.4765625,228.6011962890625,429.8299865722656
2025-10-06,255.74530029296875,124752.53125,232.5160369873047,453.25
2025-10-07,255.5360565185547,121451.3828125,220.4827117919922,433.0899963378906
2025-10-08,257.1102294921875,123354.8671875,229.10121154785156,438.69000244140625
2025-10-09,253.10501098632812,121705.5859375,220.99107360839844,435.5400085449219
2025-10-10,244.3673095703125,113214.3671875,188.6638641357422,413.489990234375
2025-10-11,244.3673095703125,110807.8828125,178.05416870117188,413.489990234375
2025-10-12,244.3673095703125,115169.765625,197.508544921875,413.489990234375
2025-10-13,246.74851989746094,115271.078125,208.36729431152344,435.8999938964844
2025-10-14,246.8581085205078,113118.6640625,202.46034240722656,429.239990234375
2025-10-15,248.4223175048828,110783.1640625,194.02186584472656,435.1499938964844
2025-10-16,246.53927612304688,108186.0390625,184.68894958496094,428.75
2025-10-17,251.36146545410156,106467.7890625,182.0347900390625,439.30999755859375
2025-10-18,251.36146545410156,107198.265625,187.66029357910156,439.30999755859375
2025-10-19,251.36146545410156,108666.7109375,187.79820251464844,439.30999755859375
2025-10-20,261.27484130859375,110588.9296875,189.75067138671875,447.42999267578125
2025-10-21,261.8028869628906,108476.890625,185.66627502441406,442.6000061035156
2025-10-22,257.4988098144531,107688.5859375,180.14813232421875,438.9700012207031
2025-10-23,258.6246032714844,110069.7265625,191.38827514648438,448.9800109863281
2025-10-24,261.85272216796875,111033.921875,193.5602264404297,433.7200012207031
2025-10-25,261.85272216796875,111641.7265625,194.04037475585938,433.7200012207031
2025-10-26,261.85272216796875,114472.4453125,200.02862548828125,433.7200012207031
2025-10-27,267.8206787109375,114119.328125,198.74171447753906,452.4200134277344
2025-10-28,268.0099792480469,112956.1640625,194.4427947998047,460.54998779296875
2025-10-29,268.7073974609375,110055.3046875,194.41087341308594,461.510009765625
2025-10-30,270.401123046875,108305.546875,184.62442016601562,440.1000061035156
2025-10-31,269.37493896484375,109556.1640625,187.20947265625,456.55999755859375
2025-11-01,269.37493896484375,110064.015625,186.3800506591797,456.55999755859375
2025-11-02,269.37493896484375,110639.625,187.8259735107422,456.55999755859375
2025-11-03,268.05975341796875,106547.5234375,166.0906982421875,468.3699951171875
2025-11-04,269.0461730957031,101590.5234375,155.40318298339844,444.260009765625
2025-11-05,269.14581298828125,103891.8359375,162.56607055664062,462.07000732421875
2025-11-06,268.7771301269531,101301.2890625,155.06591796875,445.9100036621094
2025-11-07,267.48193359375,103372.40625,161.7081756591797,429.5199890136719
2025-11-08,267.48193359375,102282.1171875,158.10250854492188,429.5199890136719
2025-11-09,267.48193359375,104719.640625,164.45384216308594,429.5199890136719
2025-11-10,268.6986083984375,105996.59375,167.36700439453125,445.2300109863281
2025-11-11,274.5028076171875,102997.46875,154.56832885742188,439.6199951171875
2025-11-12,272.7276611328125,101663.1875,153.2620391845703,430.6000061035156
2025-11-13,272.2090759277344,99697.4921875,145.1084747314453,401.989990234375
2025-11-14,271.6705017089844,94397.7890625,138.67660522460938,404.3500061035156
2025-11-15,271.6705017089844,95549.1484375,139.5352020263672,404.3500061035156
2025-11-16,271.6705017089844,94177.078125,137.26573181152344,404.3500061035156
2025-11-17,266.73394775390625,92093.875,130.8482666015625,408.9200134277344
2025-11-18,266.7140197753906,92948.875,140.71438598632812,401.25
2025-11-19,267.8309631347656,91465.9921875,136.76695251464844,403.989990234375
2025-11-20,265.5272521972656,86631.8984375,133.51715087890625,395.2300109863281
2025-11-21,270.75299072265625,85090.6875,128.50050354003906,391.0899963378906
2025-11-22,270.75299072265625,84648.359375,127.55120086669922,391.0899963378906
2025-11-23,270.75299072265625,86805.0078125,130.70506286621094,391.0899963378906
2025-11-24,275.1709899902344,88270.5625,138.37135314941406,417.7799987792969
2025-11-25,276.2181701660156,87341.890625,138.89114379882812,419.3999938964844
2025-11-26,276.79656982421875,90518.3671875,143.01219177246094,426.5799865722656
2025-11-27,276.79656982421875,91285.375,140.84640502929688,426.5799865722656
2025-11-28,278.0930480957031,90919.265625,137.39019775390625,430.1700134277344
2025-11-29,278.0930480957031,90851.7578125,136.0817108154297,430.1700134277344
2025-11-30,278.0930480957031,90394.3125,133.5648193359375,430.1700134277344
2025-12-01,282.3315124511719,86321.5703125,126.70902252197266,430.1400146484375
2025-12-02,285.4131164550781,91350.203125,138.67420959472656,429.239990234375
2025-12-03,283.378662109375,93527.8046875,144.89849853515625,446.739990234375
2025-12-04,279.9380187988281,92141.625,139.0145263671875,454.5299987792969
2025-12-05,278.0232238769531,89387.7578125,133.322998046875,455.0
2025-12-06,278.0232238769531,89272.375,132.34844970703125,455.0
2025-12-07,278.0232238769531,90405.640625,132.09356689453125,455.0
2025-12-08,277.1356506347656,90640.203125,133.27822875976562,439.5799865722656
2025-12-09,276.42755126953125,92691.7109375,137.901611328125,445.1700134277344
2025-12-10,278.0232238769531,92020.9453125,136.46902465820312,451.45001220703125
2025-12-11,277.2752685546875,92511.3359375,136.37156677246094,446.8900146484375
2025-12-12,277.52459716796875,90270.4140625,132.3242950439453,458.9599914550781
2025-12-13,277.52459716796875,90298.7109375,133.24746704101562,458.9599914550781
2025-12-14,277.52459716796875,88175.1796875,129.48109436035156,458.9599914550781
2025-12-15,273.3658752441406,86419.78125,127.75711822509766,475.30999755859375
2025-12-16,273.8645324707031,87843.984375,129.25120544433594,489.8800048828125
2025-12-17,271.10205078125,86143.7578125,123.11980438232422,467.260009765625
2025-12-18,271.4511413574219,85462.5078125,119.57015228271484,483.3699951171875
2025-12-19,272.9271240234375,88103.3828125,126.1927490234375,481.20001220703125
2025-12-20,272.9271240234375,88344.0,125.80903625488281,481.20001220703125
2025-12-21,272.9271240234375,88621.75,125.99150085449219,481.20001220703125
2025-12-22,270.23443603515625,88490.015625,125.80123138427734,488.7300109863281
2025-12-23,271.62066650390625,87414.0,123.85721588134766,485.55999755859375
2025-12-24,273.06671142578125,87611.9609375,122.45860290527344,485.3999938964844
2025-12-25,273.06671142578125,87234.7421875,119.9471206665039,485.3999938964844
2025-12-26,272.6578369140625,87301.4296875,122.19595336914062,475.19000244140625
2025-12-27,272.6578369140625,87802.15625,124.64771270751953,475.19000244140625
2025-12-28,272.6578369140625,87835.8359375,125.19935607910156,475.19000244140625
2025-12-29,273.0168762207031,87138.140625,123.12522888183594,459.6400146484375
2025-12-30,272.3387145996094,88430.1328125,124.93132019042969,454.42999267578125
2025-12-31,271.12200927734375,87508.828125,124.48446655273438,449.7200012207031
2026-01-01,271.12200927734375,88731.984375,126.76112365722656,449.7200012207031
2026-01-02,270.2743225097656,89944.6953125,132.1336669921875,438.07000732421875
2026-01-03,270.2743225097656,90603.1875,133.29847717285156,438.07000732421875
2026-01-04,270.2743225097656,91413.4921875,133.8996124267578,438.07000732421875
2026-01-05,266.5345153808594,93882.5546875,137.98997497558594,451.6700134277344
2026-01-06,261.6477966308594,93729.03125,141.09841918945312,432.9599914550781
2026-01-07,259.623291015625,91308.0546875,136.31301879882812,431.4100036621094
2026-01-08,258.3368225097656,91027.125,138.29342651367188,435.79998779296875
2026-01-09,258.6659240722656,90513.1015625,135.7563934326172,445.010009765625
2026-01-10,258.6659240722656,90386.6484375,135.7270050048828,445.010009765625
2026-01-11,258.6659240722656,90827.4609375,139.49046325683594,445.010009765625
2026-01-12,259.5435485839844,91192.9921875,139.1361846923828,448.9599914550781
2026-01-13,260.34136962890625,95321.78125,145.36087036132812,447.20001220703125
2026-01-14,259.2543029785156,96929.328125,146.7528076171875,439.20001220703125
2026-01-15,257.5090637207031,95551.1875,142.3324432373047,438.57000732421875
2026-01-16,254.8363494873047,95525.1171875,144.8604736328125,437.5
2026-01-17,254.8363494873047,95099.921875,143.72567749023438,437.5
2026-01-18,254.8363494873047,93634.4296875,137.99542236328125,437.5
2026-01-19,254.8363494873047,92553.59375,133.3386993408203,437.5
2026-01-20,246.0303192138672,88310.90625,125.70572662353516,419.25
2026-01-21,246.9777374267578,89376.9609375,129.3790740966797,431.44000244140625
2026-01-22,247.67584228515625,89462.453125,128.28834533691406,449.3599853515625
2026-01-23,247.36666870117188,89503.875,127.36157989501953,449.05999755859375
2026-01-24,247.36666870117188,89110.734375,127.05381774902344,449.05999755859375
2026-01-25,247.36666870117188,86572.21875,118.77285766601562,449.05999755859375
2026-01-26,254.7166748046875,88267.140625,124.13972473144531,435.20001220703125
2026-01-27,257.5688781738281,89102.5703125,127.05479431152344,430.8999938964844
2026-01-28,255.743896484375,89184.5703125,125.11844635009766,431.4599914550781
2026-01-29,257.5788879394531,84561.5859375,117.60576629638672,416.55999755859375
2026-01-30,258.775634765625,84128.65625,117.363037109375,430.4100036621094
2026-01-31,258.775634765625,78621.1171875,105.441650390625,430.4100036621094
2026-02-01,258.775634765625,76974.4453125,100.85052490234375,430.4100036621094
2026-02-02,269.2770690917969,78688.765625,104.47115325927734,421.80999755859375
2026-02-03,268.7485046386719,75633.546875,97.56390380859375,421.9599914550781
2026-02-04,275.7394104003906,73019.703125,92.02930450439453,406.010009765625
2026-02-05,275.1610412597656,62702.09765625,78.18741607666016,397.2099914550781
2026-02-06,277.364990234375,70555.390625,87.46477508544922,411.1099853515625
2026-02-07,277.364990234375,69281.96875,87.63983154296875,411.1099853515625
2026-02-08,277.364990234375,70264.7265625,87.04410552978516,411.1099853515625
2026-02-09,274.13079833984375,70120.78125,86.7017822265625,417.32000732421875
2026-02-10,273.19244384765625,68793.9609375,82.91548156738281,425.2099914550781
2026-02-11,275.00921630859375,66991.96875,79.2542495727539,428.2699890136719
2026-02-12,261.2637939453125,66221.84375,78.34844207763672,417.07000732421875
2026-02-13,255.32435607910156,68857.84375,84.32254028320312,417.44000244140625
2026-02-14,255.32435607910156,69767.625,88.16083526611328,417.44000244140625
2026-02-15,255.32435607910156,68788.1875,86.00509643554688,417.44000244140625
2026-02-16,255.32435607910156,68843.15625,86.42878723144531,417.44000244140625
2026-02-17,263.4099426269531,67494.21875,85.1976089477539,410.6300048828125
2026-02-18,263.8791198730469,66425.3203125,81.56694793701172,411.32000732421875
2026-02-19,260.11578369140625,66957.5234375,82.39324951171875,411.7099914550781
2026-02-20,264.1086730957031,68005.421875,84.6351089477539,411.82000732421875
2026-02-21,264.1086730957031,68003.765625,85.21113586425781,411.82000732421875
2026-02-22,264.1086730957031,67659.390625,82.79097747802734,411.82000732421875
2026-02-23,265.705810546875,64616.73828125,77.7533187866211,399.8299865722656
2026-02-24,271.6552429199219,64080.04296875,79.0365219116211,409.3800048828125
2026-02-25,273.74151611328125,67960.125,87.91560363769531,417.3999938964844
2026-02-26,272.4637756347656,67453.7734375,85.90911865234375,408.5799865722656
2026-02-27,263.7093811035156,65881.796875,81.95148468017578,402.510009765625
2026-02-28,263.7093811035156,66995.859375,84.36618041992188,402.510009765625
2026-03-01,263.7093811035156,65738.1015625,83.5776596069336,402.510009765625
2026-03-02,264.2484130859375,68775.8515625,86.634521484375,403.32000732421875
2026-03-03,263.2801818847656,68293.6484375,87.0197525024414,392.42999267578125
2026-03-04,262.0523376464844,72710.578125,90.83426666259766,405.94000244140625
2026-03-05,259.8263244628906,70841.125,88.69110870361328,405.54998779296875
2026-03-06,257.0013427734375,68136.4921875,84.68180084228516,396.7300109863281
2026-03-07,257.0013427734375,67272.59375,83.1799545288086,396.7300109863281
2026-03-08,257.0013427734375,65969.78125,81.62458801269531,396.7300109863281
2026-03-09,259.41705322265625,68402.3828125,84.93617248535156,398.67999267578125
2026-03-10,260.3653564453125,69926.921875,85.83822631835938,399.239990234375
2026-03-11,260.3453674316406,70204.8828125,86.56493377685547,407.82000732421875
2026-03-12,255.30438232421875,70493.4609375,86.86779022216797,395.010009765625
2026-03-13,249.6744384765625,70968.265625,88.15328979492188,391.20001220703125
2026-03-14,249.6744384765625,71214.625,88.07068634033203,391.20001220703125
2026-03-15,249.6744384765625,72789.9140625,92.25182342529297,391.20001220703125
2026-03-16,252.36964416503906,74861.0859375,96.22372436523438,395.55999755859375
2026-03-17,253.77711486816406,73922.4765625,94.70597076416016,399.2699890136719
2026-03-18,249.49476623535156,71245.578125,90.06571960449219,392.7799987792969
2026-03-19,248.5165252685547,69912.7890625,88.9178466796875,380.29998779296875
2026-03-20,247.54823303222656,70522.5859375,89.85356903076172,367.9599914550781
2026-03-21,247.54823303222656,68711.5234375,87.46537017822266,367.9599914550781
2026-03-22,247.54823303222656,67845.2109375,86.12834930419922,367.9599914550781
2026-03-23,251.04200744628906,70914.859375,91.42407989501953,380.8500061035156
2026-03-24,251.1917266845703,70517.859375,90.82242584228516,383.0299987792969
2026-03-25,252.16998291015625,71309.8828125,91.70822143554688,385.95001220703125
2026-03-26,252.43951416015625,68791.625,86.44393157958984,372.1099853515625
2026-03-27,248.35679626464844,66338.375,83.01882934570312,361.8299865722656
2026-03-28,248.35679626464844,66319.6953125,82.0156021118164,361.8299865722656
2026-03-29,248.35679626464844,65954.921875,81.42240142822266,361.8299865722656
2026-03-30,246.19065856933594,66691.4453125,82.44405364990234,355.2799987792969
2026-03-31,253.337890625,68233.3125,83.10646057128906,371.75
2026-04-01,255.17462158203125,68078.5546875,81.19525909423828,381.260009765625
2026-04-02,255.464111328125,66888.5703125,78.9513168334961,360.5899963378906
2026-04-03,255.464111328125,66931.1015625,80.36854553222656,360.5899963378906
2026-04-04,255.464111328125,67290.515625,80.80838012695312,360.5899963378906
2026-04-05,255.464111328125,68981.8984375,81.8544921875,360.5899963378906
2026-04-06,258.3988342285156,68859.828125,80.15157318115234,352.82000732421875
2026-04-07,253.0484161376953,71940.703125,85.64801025390625,346.6499938964844
2026-04-08,258.43878173828125,71123.359375,82.58169555664062,343.25
2026-04-09,260.02593994140625,71767.828125,83.2977294921875,345.6199951171875
2026-04-10,260.0159912109375,72979.046875,84.82847595214844,348.95001220703125
2026-04-11,260.0159912109375,73054.2734375,84.94876861572266,348.95001220703125
2026-04-12,260.0159912109375,70753.40625,81.53523254394531,348.95001220703125
2026-04-13,258.73828125,74484.640625,86.65656280517578,352.4200134277344
2026-04-14,258.368896484375,74181.609375,83.77462768554688,364.20001220703125
2026-04-15,265.95538330078125,74805.078125,84.9193344116211,391.95001220703125
2026-04-16,262.9307556152344,75152.1328125,88.99420928955078,388.8999938964844
2026-04-17,269.7486267089844,77126.875,88.87416076660156,400.6199951171875
2026-04-18,269.7486267089844,75726.2109375,86.20271301269531,400.6199951171875
2026-04-19,269.7486267089844,73856.3515625,83.58094787597656,400.6199951171875
2026-04-20,272.5635681152344,75872.5234375,85.33295440673828,392.5
2026-04-21,265.69586181640625,76352.7734375,86.02946472167969,386.4200134277344
2026-04-22,272.68341064453125,78203.1015625,86.91582489013672,387.510009765625
2026-04-23,272.9429016113281,78268.953125,86.14105987548828,373.7200012207031
2026-04-24,270.5771179199219,77455.3125,86.23188018798828,376.29998779296875
2026-04-25,270.5771179199219,77612.015625,86.15117645263672,376.29998779296875
2026-04-26,270.5771179199219,78657.5390625,86.97038269042969,376.29998779296875
2026-04-27,267.1332702636719,77366.625,84.81778717041016,378.6700134277344
2026-04-28,270.2277526855469,76350.671875,84.03897857666016,376.0199890136719
2026-04-29,269.688720703125,75776.1328125,83.02687072753906,372.79998779296875
2026-04-30,270.86663818359375,76304.3203125,83.02375793457031,381.6300048828125
2026-05-01,279.6409606933594,78179.0,83.72350311279297,390.82000732421875
2026-05-02,279.6409606933594,78657.25,84.276611328125,390.82000732421875
2026-05-03,279.6409606933594,78538.2265625,83.89957427978516,390.82000732421875
2026-05-04,276.33685302734375,79827.90625,84.08985900878906,392.510009765625
2026-05-05,283.67376708984375,80927.0546875,86.3191909790039,389.3699951171875
2026-05-06,286.9978332519531,81427.53125,89.14501953125,398.7300109863281
2026-05-07,286.9279479980469,80009.9921875,88.40478515625,411.7900085449219
2026-05-08,292.7974853515625,80186.765625,91.94982147216797,428.3500061035156
2026-05-09,292.7974853515625,80664.3671875,93.14551544189453,428.3500061035156
2026-05-10,292.7974853515625,82138.9296875,96.42698669433594,428.3500061035156
2026-05-11,292.42779541015625,81728.296875,97.35015106201172,445.0
2026-05-12,294.54595947265625,80477.4921875,94.28429412841797,433.45001220703125
2026-05-13,298.6124572753906,79277.1171875,91.0854721069336,445.2699890136719
2026-05-14,297.9530334472656,81051.25,92.14872741699219,443.29998779296875
2026-05-15,299.9713134765625,79065.6796875,89.20035552978516,422.239990234375
2026-05-16,299.9713134765625,78131.4375,86.53648376464844,422.239990234375
2026-05-17,299.9713134765625,77429.3515625,85.1729507446289,422.239990234375
2026-05-18,297.5833435058594,76954.171875,85.2968978881836,409.989990234375
2026-05-19,298.7123718261719,76750.90625,84.20860290527344,404.1099853515625
2026-05-20,301.98956298828125,77457.7734375,86.04193878173828,417.260009765625
2026-05-21,304.7271728515625,77539.171875,87.15620422363281,417.8500061035156
2026-05-22,308.55389404296875,75488.2421875,84.30709075927734,426.010009765625
2026-05-23,308.55389404296875,76673.3671875,85.65848541259766,426.010009765625
2026-05-24,308.55389404296875,76981.125,85.24969482421875,426.010009765625
2026-05-25,308.55389404296875,77279.9296875,85.01050567626953,426.010009765625
2026-05-26,308.0643005371094,75825.734375,83.58651733398438,433.5899963378906
2026-05-27,310.5821533203125,74344.703125,82.36812591552734,440.3599853515625
2026-05-28,312.24072265625,73536.5546875,81.98542785644531,442.1000061035156
2026-05-29,311.7911071777344,73372.5234375,81.93248748779297,435.7900085449219
2026-05-30,311.7911071777344,73754.8359375,82.54729461669922,435.7900085449219
2026-05-31,311.7911071777344,73579.6875,82.29830169677734,435.7900085449219
2026-06-01,306.0460510253906,71319.7734375,81.08702087402344,415.8800048828125
2026-06-02,314.92840576171875,66703.65625,74.14286041259766,423.739990234375
2026-06-03,309.9926452636719,64014.3671875,71.61238098144531,423.70001220703125
2026-06-04,310.9618225097656,63801.57421875,68.71892547607422,418.45001220703125
2026-06-05,307.0751647949219,60922.66796875,63.486942291259766,391.0
2026-06-06,307.0751647949219,60867.4140625,62.18980407714844,391.0
2026-06-07,307.0751647949219,63239.51953125,66.31063079833984,391.0
2026-06-08,301.2801818847656,63090.58984375,66.79495239257812,408.95001220703125
2026-06-09,290.29962158203125,61643.78125,64.9620590209961,396.67999267578125
2026-06-10,291.3287353515625,61449.2890625,63.160953521728516,381.5899963378906
2026-06-11,295.375244140625,63561.0546875,66.82200622558594,399.1499938964844
2026-06-12,290.879150390625,63543.19921875,66.74927520751953,406.42999267578125
2026-06-13,290.879150390625,64421.32421875,68.87278747558594,406.42999267578125
2026-06-14,290.879150390625,65710.3984375,71.16618347167969,406.42999267578125
2026-06-15,296.1645812988281,66289.5,73.97933197021484,411.1499938964844
2026-06-16,298.9821472167969,65600.640625,73.41378784179688,404.6600036621094
2026-06-17,295.6949768066406,64418.4453125,71.93098449707031,396.3800048828125
2026-06-18,297.7532043457031,62896.47265625,69.62649536132812,400.489990234375
2026-06-19,297.7532043457031,63540.8359375,69.7206039428711,400.489990234375
2026-06-20,297.7532043457031,64239.67578125,73.17265319824219,400.489990234375
2026-06-21,297.7532043457031,63237.5390625,72.41815948486328,400.489990234375
2026-06-22,296.75408935546875,63952.10546875,71.90816497802734,405.04998779296875
2026-06-23,294.04638671875,62668.01953125,69.64368438720703,381.6099853515625
2026-06-24,292.8274230957031,60995.1328125,67.98249816894531,375.5299987792969
2026-06-25,274.91290283203125,59721.67578125,67.57408905029297,375.1199951171875
2026-06-26,283.53546142578125,60016.4296875,71.83538055419922,379.7099914550781
2026-06-27,283.53546142578125,59940.09765625,70.41069793701172,379.7099914550781
2026-06-28,283.53546142578125,59532.33984375,71.31294250488281,379.7099914550781
2026-06-29,281.4972229003906,60138.37890625,74.94681549072266,411.8399963378906
2026-06-30,289.11065673828125,58558.859375,73.52330780029297,420.6000061035156
2026-07-01,294.1263427734375,60003.7578125,77.38370513916016,425.29998779296875
2026-07-02,308.3640441894531,61485.30078125,80.64398193359375,393.45001220703125
2026-07-03,308.3640441894531,62544.19921875,82.28005981445312,393.45001220703125
2026-07-04,308.3640441894531,63088.3046875,81.6496353149414,393.45001220703125
2026-07-05,308.3640441894531,63547.8828125,81.42304229736328,393.45001220703125
2026-07-06,312.3905944824219,63995.015625,81.91517639160156,419.7699890136719
2026-07-07,310.3923034667969,63297.39453125,80.6487045288086,402.8999938964844
2026-07-08,313.1199645996094,62257.57421875,77.78702545166016,394.05999755859375
2026-07-09,315.947509765625,63193.1484375,78.04546356201172,406.54998779296875
2026-07-10,315.0483093261719,64127.140625,78.06661224365234,407.760009765625
2026-07-11,315.0483093261719,63802.02734375,76.82416534423828,407.760009765625
2026-07-12,315.0483093261719,63758.21875,76.87384033203125,407.760009765625
2026-07-13,317.03656005859375,62239.12109375,74.86138916015625,394.760009765625
2026-07-14,314.58868408203125,64956.11328125,77.76244354248047,396.17999267578125
2026-07-15,327.2178039550781,64712.375,77.26406860351562,394.4599914550781
2026-07-16,332.97283935546875,63789.28125,75.27197265625,391.05999755859375
2026-07-17,333.452392578125,63899.4609375,75.0115966796875,380.8399963378906
2026-07-18,333.452392578125,64796.6015625,75.46090698242188,380.8399963378906
2026-07-19,333.452392578125,64690.8046875,76.35526275634766,380.8399963378906
2026-07-20,326.3085632324219,65230.02734375,77.79191589355469,369.57000732421875
2026-07-21,327.45758056640625,66505.125,78.10860443115234,378.92999267578125
2026-07-22,325.60919189453125,66100.796875,77.90626525878906,374.010009765625
2026-07-23,321.3828430175781,65044.8125,75.85980224609375,319.69000244140625
2026-07-24,332.7330322265625,64098.49609375,73.87991333007812,313.0299987792969
2026-07-25,332.7330322265625,64311.8125,74.4285659790039,313.0299987792969
2026-07-26,332.7330322265625,65340.30078125,76.60216522216797,313.0299987792969
2026-07-27,336.61968994140625,63724.8984375,74.141845703125,309.2200012207031
2026-07-28,339.78692626953125,63871.36328125,73.69912719726562,307.44000244140625
2026-07-29,337.8985900878906,63908.16796875,73.59720611572266,298.32000732421875
2026-07-30,333.1426696777344,64725.30859375,74.46800231933594,308.8500061035156
2026-07-31,308.6438293457031,62813.74609375,72.78968048095703,311.2099914550781
2026-08-01,308.6438293457031,62763.3203125,71.86627960205078,311.2099914550781
2026-08-02,308.6438293457031,63482.0,73.44882202148438,311.2099914550781
2026-08-03,303.1585693359375,63460.8984375,73.47370147705078,322.0799865722656
2026-08-04,309.1134033203125,64055.953125,73.71775817871094,327.3500061035156
2026-08-05,310.7320251464844,64597.5,73.96138000488281,321.54998779296875
2026-08-06,312.14080810546875,64262.11328125,72.57652282714844,319.5299987792969
2026-08-07,313.05999755859375,64880.19140625,73.64265441894531,328.5799865722656
2026-08-08,313.05999755859375,64904.6875,75.97223663330078,328.5799865722656
2026-08-09,313.05999755859375,64844.88671875,76.21212768554688,328.5799865722656
2026-08-10,308.260009765625,63910.5859375,75.94520568847656,330.8800048828125
2026-08-11,304.9100036621094,63551.875,76.19506072998047,332.80999755859375
2026-08-12,302.25,63402.43359375,75.5254898071289,327.510009765625
2026-08-13,305.260009765625,63402.171875,76.17732238769531,339.9599914550781
2026-08-14,305.92999267578125,62975.59375,75.32730865478516,342.2699890136719
2026-08-15,305.92999267578125,63024.3203125,75.27230072021484,342.2699890136719
2026-08-16,305.92999267578125,62818.65234375,74.53901672363281,342.2699890136719
2026-08-17,305.5899963378906,64506.25390625,75.9440689086914,339.29998779296875
2026-08-18,310.0299987792969,64680.7109375,77.03120422363281,336.8699951171875
2026-08-19,316.8299865722656,69266.1875,85.37448120117188,351.1199951171875
2026-08-20,311.29998779296875,73032.7578125,87.6369400024414,345.1300048828125
2026-08-21,309.3500061035156,78335.1875,93.65361022949219,362.8599853515625
2026-08-22,309.3500061035156,77083.4140625,93.91252899169922,362.8599853515625
2026-08-23,309.3500061035156,77755.265625,95.44223022460938,362.8599853515625
2026-08-24,310.3399963378906,78964.484375,98.5616683959961,348.95001220703125
2026-08-25,309.8999938964844,78564.9765625,96.6035385131836,350.25
2026-08-26,313.45001220703125,79027.421875,102.16743469238281,345.82000732421875
2026-08-27,314.5799865722656,80257.5390625,109.20824432373047,354.80999755859375
2026-08-28,319.70001220703125,77830.2890625,104.126953125,348.75
2026-08-29,319.70001220703125,78245.8125,105.65202331542969,348.75
2026-08-30,319.70001220703125,77667.5703125,101.87669372558594,348.75
2026-08-31,316.8500061035156,78548.6328125,102.99690246582031,367.95001220703125
2026-09-01,325.1300048828125,77403.625,99.98687744140625,356.0899963378906
2026-09-02,324.9599914550781,77300.4765625,100.3856201171875,357.010009765625
